<?xml version="1.0" encoding="utf-8" standalone="no" ?>
<modDesc descVersion="38">
	<author>Mogli aka Biedens</author>
	<iconFilename>dds/store.dds</iconFilename>
	<version>3.0.7.0</version>
	<multiplayer supported="true"/>
	
	<l10n filenamePrefix="modDesc_l10n">
		<text name="gearboxMogliVERSION">
			 <de>Getriebe v3.1 build 70 von Mogli</de>
			  <en>Gearbox v3.1 build 70 by mogli</en>
				 <it>Cambio v3.1 build 70 by mogli</it>
	 <fr>Transmission v3.1 build 70 by mogli</fr>
				 <cz>Řazení v3.1 build 70 by mogli</cz>
<pl>Skrzynia biegów v3.1 build 70 by mogli</pl>
				<ru>Gearbox v3.1 build 70 by mogli</ru>
				<ro>Gearbox v3.1 build 70 by mogli</ro>
		</text>                  
	</l10n>

	<title>
		<en>Gearbox AddOn</en>
		<de>Getriebe AddOn</de>
		<it>Cambio AddOn</it>
		<es>Cambio AddOn</es>
		<fr>Transmission AddOn</fr>
		<ru>gearboxMogli</ru>
		<cz>Řazení AddOn</cz>
		<pl>Skrzynia biegów</pl>
		<ru>Gearbox AddOn</ru>
	</title>
	
	<description>
		<en><![CDATA[
Not every tractor has a continuously variable transmission. And even the continuously variable transmissions are not as simple in construction as the standard one in farming simulator. 

This script adds on the basis of the file gearboxAddonConfig.xml a gearbox to all configured tractors. Many various transmission kinds can be simulated. There are classic gearboxes with gears, one or two groups and reverse gears or groups. Shorting the response time to zero will result into a power shift transmission. 
In modern tractors power shift transmissions are often combined with automatic gear shifting. Another transmission type is the continuously variable transmissions. 
There are models with one or two gears like the Fendt Vario. Other models combine four automatically switched mechanical gears with a continuously variable hydrostatic drive. All of these continuously variable transmission have one thing in common. The efficiency varies quite strongly depending on the gear ratio.

For details please look into: https://github.com/Mogli12/GearboxAddon/wiki/EN

Changelog 3.0:
- easier launch of vehicle with CVT
- reverse driving sound
- avoid overheating of clutch if a GUI is open
- launch gear can be adjusted while vehicle is in AutoHold
- bug fix blinking fuel usage (MP)
- better motor brake
- open and lockable differentials
- new settings UI
- multiple transmission configurations per vehicle
- compatible with FS17_moreRealistic

Changelog 3.1:
- tool tips in the settings UI (thanks to KITT3000)
- hand brake sound (thanks to wriley)
- compatible with FS17_handbrake
- transmissions tag in vehicle.xml (top level only)
- engine humming sound 
- gear shifter sound 
- improvements automatic clutch 
- digging wheels
]]></en>
		<de><![CDATA[
Nicht jeder Traktor hat ein stufenloses Getriebe. Und selbst die stufenlosen Getriebe sind nicht so einfach aufgebaut wie das Standardgetriebe im Landwirtschafts Simulator. 

Dieses Script fügt vielen Fahrzeugen nachträglich eine Gangschaltung hinzu. Dabei können ganz unterschiedliche Getriebe simuliert werden. Es gibt klassische Getriebe mit Gängen, ein oder zwei Gruppen und den Rückwärtsgängen als Gang, in der ersten oder zweiten Gruppe oder als Wendeschaltung. Wenn man die Schaltzeit auf null verkürzt, dann wird daraus leicht ein Lastschaltgetriebe. In modernen Traktoren werden die Lastschaltstufen dann oft auch automatisch geschaltet.

Eine detailierte Beschreibung befindet sich hier: https://github.com/Mogli12/GearboxAddon/wiki/DE

Changelog 3.0:
- leichterer Start von Fahrzeugen mit CVT
- Rückfahrtsound
- Keine Überhitzung der Kupplung, wenn ein GUI geöffnet ist
- Start-Gang kann eingestellt werden, während Fahrzeug in AutoHold ist
- Fehlerbehebung blinkender Kraftstoffverbrauch (MP)
- bessere Motorbremse
- offene und sperrbare Differentiale
- neuer Einstellungsdialog
- verschiedenen Getriebekonfigurationen pro Fahrzeug
- kompatibel zu FS17_moreRealistic

Changelog 3.1:
- ToolTips im Einstellungsdialog (Dank an KITT3000)
- Töne für Handbremse (Dank an wriley)
- kompatibel zu FS17_handbrake
- transmissions Tag in vehicle.xml (nur auf oberster Ebene)
- Motor rattelt bei Überschreitung der Drehzahl
- Gangwechselklang
- Verbesserung automatische Kupplung
- Räder können sich eingraben
]]></de>

		<it><![CDATA[ Non tutti i trattori hanno una trasmissione a variazione continua.
E anche le trasmissioni a variazione continua non sono semplici come la trasmissione standard di FS17.
Sulla base del file di configurazione gearboxAddonConfig.xml, questa mod aggiungerà il cambio ai trattori preconfigurati.
In questo caso è possibile simulare trasmissioni molto diverse.
Ci sono cambi classici con ingranaggi, a uno o due gruppi e le retromarce come ingranaggio nel primo o secondo gruppo o come circuito di inversione.
Se accorciate il tempo di commutazione a zero (o poco più), allora è una trasmissione in power shift.
Nei trattori moderni, le fasi del powershift vengono spesso commutate automaticamente.

Oltre alle normali trasmissioni a gradino e trasmissioni a variazione continua sono supportate.
Ci sono modelli con una o due marce, come il Fendt Vario.
Altri modelli combinano automaticamente quattro ingranaggi meccanici con una trasmissione idrostatica a variazione continua.
Tutte queste trasmissioni a variazione continua hanno in comune che l'efficienza varia piuttosto fortemente a seconda del rapporto di trasmissione.

Inoltre ci sono le modalità AllAuto ed ECO.
In modalità ECO, la coppia massima è disponibile ma solo al 90% della potenza.
In modalità ECO, la velocità della presa di forza è inferiore (50% anziché 75%) e si alza un po 'più velocemente.
Nella modalità AllAuto, le marce, i gruppi (solo la trasmissione del primo gruppo) e la frizione vengono controllati automaticamente.
In questa modalità, l'helper guida con il cambio di GearboxAddons. ]]></it>

		<fr><![CDATA[
Chaque tracteur n'a pas de transmission variable en continu. Et même les transmissions à variation continue ne sont pas aussi simples en construction que la norme de Farming Simulator.

Ce script ajoute sur la base du fichier gearboxAddonConfig.xml une boîte de vitesses à tous les tracteurs configurés. De nombreux types de transmission différents peuvent être simulés. Il existe des boîtes de vitesses classiques avec engrenages, un ou deux groupes et inverser les vitesses ou les groupes. Le fait de court-circuiter le temps de réponse à zéro entraînera une transmission de puissance. Dans les tracteurs modernes, les transmissions à changement de vitesse sont souvent associées à un changement automatique de vitesses. Un autre type de transmission est la transmission à variation continue. Il existe des modèles avec une ou deux vitesses comme le Fendt Vario. D'autres modèles combinent quatre engrenages mécaniques automatiquement commutés avec un entraînement hydrostatique continuellement variable. Toutes ces transmissions continuellement variables ont une chose en commun. Le rendement varie fortement selon le rapport de démultiplication.

Une description détaillée est disponible ici: https://github.com/Mogli12/GearboxAddon/wiki/EN

Changement 3.0:
- Lancement plus facile du véhicule avec CVT
- sens inverse
- éviter la surchauffe de l'embrayage si une GUI est ouverte
- Le mécanisme de lancement peut être réglé lorsque le véhicule est en mode AutoHold
- bug corrige l'utilisation de carburant clignotante (MP)
- meilleur frein moteur
]]></fr>
		<es><![CDATA[Descripción:
Cambio Manual/automático para FS17 por Mogli]]></es>
	<cz><![CDATA[
Každý traktor nemá zjednodušené ovládání jako stroje ve Farming simulátoru. Tento mod přidává do každého stroje reálnější simulaci řazení převodových stupnů.
Od manuálního řazení se spojkou a meziplynem, přes různe řady násobičů a redukcí, přes plně automatickou převodovku až po bezestupňové řazení (CVT).
Vše se odvíjí od nastavení každého stroje zvlášť v  souboru gearboxAddonConfig.xml. Mód podporuje volanty se spojkou i řadící pákou, což stupňuje požitek ze hry.]]></cz>
	<pl><![CDATA[Skrzynia biegów:
Dodaje specjalizację 'gearboxMogli' do wszystkich skonfigurowanych pojazdów.]]></pl>
	
	<ru><![CDATA[Не каждый трактор имеет бесступенчатую трансмиссию. И даже бесступенчатые трансмиссии не так просты по конструкции, как стандартная в FS17. Этот мод добавляет на основе файла gearboxAddonConfig.xml коробку передач ко всем сконфигурированным транспорным средствам. 
Могут быть смоделированы многие виды коробок передач. Существуют классические коробки передач с шестернями, одной или двумя группами, а также реверсивные передачи или группы. 
Когда передаточное число будет уменьшено до 0, это приведет к передаче PowerShift. В современных тракторах PowerShift трансмиссия часто сочетается с автоматическим переключением передач.

Новое в версии 1.1: теперь поддерживается бесступенчатые коробки передач. 
Есть модели с одной или двумя передачами, такими как Fendt Vario. 
Другие модели объединяют четыре автоматически переключаемых механических механизма с бесступенчатым гидростатическим приводом. 
Все эти бесступенчатые передачи имеют одну общую черту: эффективность сильно варьируется в зависимости от передаточного отношения.

Подробное описание доступно здесь: https://github.com/Mogli12/GearboxAddon/wiki/DE

Список изменений 3.0:
- более легкий запуск транспортных средств с CVT
- звук заднего хода
- отсутствует перегрев сцепления при открытии GUI
- передачу для старта можно установить, когда автомобиль находится в AutoHold (автоудержание)
- устранение мерцания указателя расхода топлива (MP)
- лучшее торможение двигателем
- блокирование и разблокирование дифференциалов
- новый диалог настроек
]]></ru>
<ro><![CDATA[Transmisie:
Adaugă specializarea gearboxMogli la toate vehiculele configurate
]]></ro>
	</description>

	<inputBindings>
		<input name="gearboxMogliSHIFTGEARUP"       key1="KEY_leftbracket"             button="BUTTON_3"  category="VEHICLE" />
		<input name="gearboxMogliSHIFTGEARDOWN"     key1="KEY_quote"                   button="BUTTON_4"  category="VEHICLE" />
		<input name="gearboxMogliSHIFTGEARTOGGLE"   key1="KEY_rctrl KEY_quote"                            category="VEHICLE" />
		<input name="gearboxMogliSHIFTRANGEUP"      key1="KEY_rightbracket"                               category="VEHICLE" />
		<input name="gearboxMogliSHIFTRANGEDOWN"    key1="KEY_backslash"                                  category="VEHICLE" />
		<input name="gearboxMogliSHIFTRANGETOGGLE"  key1="KEY_rctrl KEY_backslash"                        category="VEHICLE" />
		<input name="gearboxMogliNEUTRAL"           key1="KEY_semicolon"                                  category="VEHICLE" />
		<input name="gearboxMogliAUTOMATIC"         key1="KEY_rctrl KEY_slash"                            category="VEHICLE" />
		<input name="gearboxMogliAllAuto"           key1="KEY_rshift KEY_slash"                           category="VEHICLE" />
		<input name="gearboxMogliHUD"               key1="KEY_slash"                                      category="VEHICLE" />
		<input name="gearboxMogliON_OFF"            key1="KEY_rshift KEY_semicolon"                       category="VEHICLE" />
		<input name="gearboxMogliSETTINGS"          key1="KEY_rctrl KEY_semicolon"                        category="VEHICLE" />
		<input name="gearboxMogliREVERSE"           key1="KEY_space"                   button="BUTTON_2"  category="VEHICLE" />
		<input name="gearboxMogliECO"               key1="KEY_rshift KEY_space"                           category="VEHICLE" />
		<input name="gearboxMogliHANDBRAKE"         key1="KEY_rctrl KEY_space"                            category="VEHICLE" />
		<input name="gearboxMogliKEEPSPEED"         key1="KEY_delete"                                     category="VEHICLE" />
		<input name="gearboxMogliKEEPSPEEDTOGGLE"   key1="KEY_rctrl KEY_delete"                           category="VEHICLE" />
		<input name="gearboxMogliAUTOCLUTCH2"       key1="KEY_rshift KEY_period"                          category="VEHICLE" />
		<input name="gearboxMogliSHIFTRANGE2UP"     key1="KEY_rshift KEY_rightbracket"                    category="VEHICLE" />
		<input name="gearboxMogliSHIFTRANGE2DOWN"   key1="KEY_rshift KEY_backslash"                       category="VEHICLE" />
		<input name="gearboxMogliSHIFTRANGE2TOGGLE" key1="KEY_rctrl KEY_rightbracket"                     category="VEHICLE" />
		<input name="gearboxMogliGEAR1"                                                button="BUTTON_9"  category="VEHICLE" />
		<input name="gearboxMogliGEAR2"                                                button="BUTTON_10" category="VEHICLE" />
		<input name="gearboxMogliGEAR3"                                                button="BUTTON_11" category="VEHICLE" />
		<input name="gearboxMogliGEAR4"                                                button="BUTTON_12" category="VEHICLE" />
		<input name="gearboxMogliGEAR5"                                                button="BUTTON_13" category="VEHICLE" />
		<input name="gearboxMogliGEAR6"                                                button="BUTTON_14" category="VEHICLE" />
		<input name="gearboxMogliGEARR"                                                button="BUTTON_15" category="VEHICLE" />
		<input name="gearboxMogliGEARFWD"                                                                 category="VEHICLE" />
		<input name="gearboxMogliGEARBACK"                                                                category="VEHICLE" />
		<input name="gearboxMogliSPEEDLIMIT"        key1="KEY_rshift KEY_3"                               category="VEHICLE" />
		<input name="gearboxMogliSWAPSPEED"         key1="KEY_4"                                          category="VEHICLE" />
		<input name="gearboxMogliSWAPSPEEDR"        key1="KEY_rctrl KEY_4"                                category="VEHICLE" />
		<input name="gearboxMogliSETSPEED"          key1="KEY_rshift KEY_4"                               category="VEHICLE" />
		<input name="gearboxMogliACCTOLIMIT"        key1="KEY_rshift KEY_leftbracket"                     category="VEHICLE" />
		<input name="gearboxMogliDECTOLIMIT"        key1="KEY_rshift KEY_quote"                           category="VEHICLE" />
		<input name="gearboxMogliCONFLICT_2"        key1="KEY_lctrl KEY_4"	              visible="false" category="VEHICLE" />
		<input name="gearboxMogliCONFLICT_3"        key1="KEY_lshift KEY_space"           visible="false" category="VEHICLE" />
		<input name="gearboxMogliCONFLICT_4"        key1="KEY_lctrl KEY_space"	          visible="false" category="VEHICLE" />
		<input name="gearboxMogliCLUTCH_3"          key1="KEY_period"                                     category="VEHICLE" />
		<input name="gearboxMogliDIFFLOCKMIDDLE"    key1="KEY_lshift KEY_4"                               category="VEHICLE" />
		<input name="gearboxMogliDIFFLOCKFRONT"     key1="KEY_lshift KEY_5"                               category="VEHICLE" />
		<input name="gearboxMogliDIFFLOCKBACK"      key1="KEY_lshift KEY_6"                               category="VEHICLE" />
		
		<axis name="gearboxMogliCLUTCH"            key1=""                      key2=""                     axis="AXIS_6" invert="false" category="VEHICLE" />
		<axis name="gearboxMogliMINRPM"            key1="KEY_equals"            key2="KEY_minus"            axis="AXIS_8" invert="false" category="VEHICLE" />
		<axis name="gearboxMogliFIXEDRATIO"        key1="KEY_rshift KEY_equals" key2="KEY_rshift KEY_minus" axis=""       invert="false" category="VEHICLE" />
	</inputBindings>

	<extraSourceFiles>
		<sourceFile filename="register.lua" />
	</extraSourceFiles>
</modDesc>
