<?xml version="1.0" encoding="utf-8" standalone="no" ?>
<l10n>
	<!-- Note that 'description' is only here for easier translations. It needs to be manually copied to ModDesc.XML later. -->
	<description>
<![CDATA[Transmission:
Améliore toute les conduites de véhicules grâce à l'ajout de la boîte de vitesses GearboxMogli]]>
</description>

	<texts>
		<!--GearboxAddon helpPanel text-->
		<text name="gearboxMogliInputPrefix"             text="Gearbox: "/>
		
		<text name="input_gearboxMogliSHIFTGEARUP"       text="Gearbox: vitesse sup"/>
		<text name="input_gearboxMogliSHIFTGEARDOWN"     text="Gearbox: vitesse inf"/>
		<text name="input_gearboxMogliSHIFTGEARTOGGLE"   text="Gearbox: changer vitesse"/>
		<text name="input_gearboxMogliSHIFTRANGEUP"      text="Gearbox: gamme sup"/>
		<text name="input_gearboxMogliSHIFTRANGE2UP"     text="Gearbox: gamme 2 sup"/>
		<text name="input_gearboxMogliSHIFTRANGEDOWN"    text="Gearbox: gamme inf"/>
		<text name="input_gearboxMogliSHIFTRANGE2DOWN"   text="Gearbox: gamme 2 inf"/>
		<text name="input_gearboxMogliSHIFTRANGETOGGLE"  text="Gearbox: changer gamme"/>
		<text name="input_gearboxMogliSHIFTRANGE2TOGGLE" text="Gearbox: changer gamme 2"/>
		<text name="input_gearboxMogliNEUTRAL"           text="Gearbox: point mort"/>
		<text name="input_gearboxMogliAUTOMATIC"         text="Gearbox: changement automatique"/>
		<text name="input_gearboxMogliOFF"               text="boite manuelle [off]"/>
		<text name="input_gearboxMogliON"                text="boite manuelle [on]"/>
		<text name="input_gearboxMogliON_OFF"            text="Gearbox: On/Off"/>
		<text name="input_gearboxMogliSETTINGS"          text="Gearbox: paramètres"/>
		<text name="input_gearboxMogliHUD"               text="Gearbox: HUD on/off"/>
		<text name="input_gearboxMogliAllAuto"           text="Gearbox: changer simple/réaliste"/>
		<text name="input_gearboxMogliAllAutoON"         text="Gearbox [simplifiée]"/>
		<text name="input_gearboxMogliAllAutoOFF"        text="Gearbox [réaliste]"/>
		<text name="input_gearboxMogliREVERSE"           text="Gearbox: sens inverse"/>
		<text name="input_gearboxMogliHANDBRAKE"         text="Gearbox: frein à main"/>
		<text name="input_gearboxMogliAUTOCLUTCH2"       text="Gearbox: embrayage auto/manuel"/>
		<text name="input_gearboxMogliCLUTCH"            text="Gearbox: embrayage analogique"/>
		<text name="input_gearboxMogliCLUTCH_1"          text="Gearbox: débrayer"/>
		<text name="input_gearboxMogliCLUTCH_2"          text="Gearbox: embrayer"/>
		<text name="input_gearboxMogliCLUTCH_3"          text="Gearbox: embrayage digitale"/>
		<text name="input_gearboxMogliMINRPM"            text="Gearbox: accélérateur à main"/>
		<text name="input_gearboxMogliMINRPM_1"          text="Gearbox: réduire accélérateur à main"/>
		<text name="input_gearboxMogliMINRPM_2"          text="Gearbox: augmenter accélérateur à main"/>
		<text name="input_gearboxMogliFIXEDRATIO"        text="Gearbox: correction rapport"/>
		<text name="input_gearboxMogliFIXEDRATIO_1"      text="Gearbox: correction rapport inf"/>
		<text name="input_gearboxMogliFIXEDRATIO_2"      text="Gearbox: correction rapport sup"/>
		<text name="input_gearboxMogliGEAR1"             text="Gearbox: G27 1"/>
		<text name="input_gearboxMogliGEAR2"             text="Gearbox: G27 2"/>
		<text name="input_gearboxMogliGEAR3"             text="Gearbox: G27 3"/>
		<text name="input_gearboxMogliGEAR4"             text="Gearbox: G27 4"/>
		<text name="input_gearboxMogliGEAR5"             text="Gearbox: G27 5"/>
		<text name="input_gearboxMogliGEAR6"             text="Gearbox: G27 6"/>
		<text name="input_gearboxMogliGEARR"             text="Gearbox: G27 R"/>
		<text name="input_gearboxMogliGEARFWD"           text="Gearbox: marche avant"/>
		<text name="input_gearboxMogliGEARBACK"          text="Gearbox: marche arrière"/>
		<text name="input_gearboxMogliSPEEDLIMIT"        text="Gearbox: régulateur"/>
		<text name="input_gearboxMogliSWAPSPEED"         text="Gearbox: régulateur suivant"/>
		<text name="input_gearboxMogliSWAPSPEEDR"        text="Gearbox: régulateur précédent"/>
		<text name="input_gearboxMogliSETSPEED"          text="Gearbox: réglage régulateur"/>
		<text name="input_gearboxMogliACCTOLIMIT"        text="Gearbox: limiteur d'accéleration"/>
		<text name="input_gearboxMogliDECTOLIMIT"        text="Gearbox: limiteur de décélération"/>
		<text name="input_gearboxMogliECO"               text="Gearbox: éco on/off"/>
		<text name="input_gearboxMogliKEEPSPEED"         text="Gearbox: régulateur de vitesse"/>
		<text name="input_gearboxMogliKEEPSPEEDTOGGLE"   text="Gearbox: changer régulateur de vitesse"/>
		<text name="input_gearboxMogliDIFFLOCKMIDDLE"    text="Gearbox: mode 4x4"/>
		<text name="input_gearboxMogliDIFFLOCKFRONT"     text="Gearbox: crabotage différentiel avant"/>
		<text name="input_gearboxMogliDIFFLOCKBACK"      text="Gearbox: crabotage différentiel arrière"/>
		
		<text name="gearboxMogliTEXT_OFF"                text="moteur off"/>
		<text name="gearboxMogliTEXT_AI"                 text="IA"/>
		<text name="gearboxMogliTEXT_CP"                 text="Courseplay"/>
		<text name="gearboxMogliTEXT_BRAKE"              text="frein à main"/>
		<text name="gearboxMogliTEXT_DC"                 text="double embrayage"/>
		<text name="gearboxMogliTEXT_NEUTRAL"            text="point mort"/>
		<text name="gearboxMogliTEXT_AUTO"               text="automatique"/>
		<text name="gearboxMogliTEXT_MANUAL"             text="manuelle"/>
		<text name="gearboxMogliTEXT_NOGEAR"             text="pas de vitesse"/>
		<text name="gearboxMogliTEXT_VARIO"              text="CVT"/>
		<text name="gearboxMogliTEXT_ALLAUTO"            text="simplifiée"/>
		<text name="gearboxMogliTEXT_ECO"                text="éco"/>
		<text name="gearboxMogliTEXT_AUTO_HOLD"          text="auto-blocage"/>

		<text name="gearboxMogliTEXT_DISABLED"           text="off"/>
		<text name="gearboxMogliTEXT_ENABLED"            text="on"/>
		<text name="gearboxMogliTEXT_POWERSHIFT"         text="powershift automatique"/>
		<text name="gearboxMogliTEXT_N_A"                text="n/c"/>

		<text name="gearboxMogliTEXT_DrawTargetRpm"      text="afficher les RPM"/>
		<text name="gearboxMogliTEXT_DrawReqPower"       text="afficher la puissance"/>
		<text name="gearboxMogliTEXT_EnableAI"           text="cacher ouvrier"/>
		<text name="gearboxMogliTEXT_SwapGearRangeKeys"  text="échanger vitesses ou gamme 1"/>
		<text name="gearboxMogliTEXT_GearShifterMode"    text="G27 et vitesses"/>
		<text name="gearboxMogliTEXT_ShuttleShifterMode" text="boutons av-/arrière"/>

		<text name="gearboxMogliTEXT_AllAutoMode"        text="paramètres simplifiés"/>
		<text name="gearboxMogliTEXT_AllAutoMode_0"      text="séquentielle"/>
		<text name="gearboxMogliTEXT_AllAutoMode_1"      text="vitesses"/>
		<text name="gearboxMogliTEXT_AllAutoMode_2"      text="gamme 1"/>
		<text name="gearboxMogliTEXT_AllAutoMode_3"      text="vitesses et gamme 1"/>
		<text name="gearboxMogliTEXT_AllAutoMode_4"      text="gamme 2"/>
		<text name="gearboxMogliTEXT_AllAutoMode_5"      text="vitesses et gamme 2"/>
		<text name="gearboxMogliTEXT_AllAutoMode_6"      text="gammes 1 et 2"/>
		<text name="gearboxMogliTEXT_AllAutoMode_7"      text="vitesses, gammes 1 et 2"/>

		<text name="gearboxMogliTEXT_DiffLock_2wd"       text="2RM"/>
		<text name="gearboxMogliTEXT_DiffLock_4wd"       text="4RM"/>
		<text name="gearboxMogliTEXT_DiffLock_open"      text="décraboté"/>
		<text name="gearboxMogliTEXT_DiffLock_lsd"       text="glissement limité"/>
		<text name="gearboxMogliTEXT_DiffLock_auto"      text="automatique"/>
		<text name="gearboxMogliTEXT_DiffLock_fixed"     text="correction rapport"/>
		<text name="gearboxMogliTEXT_DiffLock_locked"    text="craboté"/>

		<text name="gearboxMogliTEXT_GearShifter_both"   text="G27 et touches"/>
		<text name="gearboxMogliTEXT_GearShifter_key"    text="touches"/>
		<text name="gearboxMogliTEXT_GearShifter_G27"    text="G27"/>

		<text name="gearboxMogliTEXT_Shuttle_both"       text="échanger et séparer"/>
		<text name="gearboxMogliTEXT_Shuttle_toggle"     text="échanger bouton"/>
		<text name="gearboxMogliTEXT_Shuttle_back_fwd"   text="séparer boutons"/>

		<text name="gearboxMogliTEXT_MinTargetRpm"       text="Cible mini RPM"/>
		<text name="gearboxMogliTEXT_MaxTargetRpm"       text="Cible maxi RPM"/>
		<text name="gearboxMogliTEXT_MatchGears"         text="vitesse conforme (rapports)"/>
		<text name="gearboxMogliTEXT_MatchRanges"        text="vitesse conforme (gamme)"/>
		<text name="gearboxMogliTEXT_MATCH_1"            text="non conforme"/>
		<text name="gearboxMogliTEXT_MATCH_2"            text="seulement au début ou fin"/>
		<text name="gearboxMogliTEXT_MATCH_3"            text="conforme automatiquement"/>

		<!-- page headers -->
		<text name="gearboxMogliTIP_Settings"            text="paramètres"/>
		<text name="gearboxMogliTIP_Help_1"              text="aide 1"/>
		<text name="gearboxMogliTIP_Inputs"              text="entrées"/>
		
		<!-- tool tips -->
		<text name="gearboxMogliTIP_SPEEDLIMIT"          text="Limiter la vitesse maximum en cohérence avec l'actuel contrôle de régulateur vitesse"/>
		<text name="gearboxMogliTIP_DIFFLOCKMIDDLE"      text="Pour les commandes de roues ou le blocage du différentiel central"/>
		<text name="gearboxMogliTIP_DIFFLOCKFRONT"       text="Craboter le différentiel du pont avant; nécessite 4x4"/>
		<text name="gearboxMogliTIP_DIFFLOCKBACK"        text="Craboter le différentiel du pont arrière"/>
		<text name="gearboxMogliTIP_MINRPM"              text="Accélérateur manuelle"/>
		<text name="gearboxMogliTIP_FIXEDRATIO"          text="Correction de rapport de vitesse pour les transmissions à variation continue"/>
		<text name="gearboxMogliTIP_AUTOCLUTCH2"         text="Embrayage automatique"/>
		<text name="gearboxMogliTIP_AUTOMATIC"           text="Changement automatique comme le véhicule a dans la vraie vie"/>
		<text name="gearboxMogliTIP_AllAutoMode"         text="Paramètre pour le mode simplifié; vous pouvez choisir ce qui devrait être changé automatiquement"/>
		<text name="gearboxMogliTIP_DrawTargetRpm"       text="Affiche le RPM cible dans le HUD"/>
		<text name="gearboxMogliTIP_DrawReqPower"        text="Affiche la puissance actuelle dans le HUD"/>
		<text name="gearboxMogliTIP_EnableAI"            text="Paramètre pour l'ouvrier"/>
		<text name="gearboxMogliTIP_SwapGearRangeKeys"   text="Échanges les rapports et les groupe en un"/>	<!-- may need tune -->
		<text name="gearboxMogliTIP_GearShifterMode"     text="Réglage pour les volants avec levier de vitesses"/>
		<text name="gearboxMogliTIP_ShuttleShifterMode"  text="Réglage pour les volants avec levier de vitesses"/>
		<text name="gearboxMogliTIP_MinTargetRpm"        text="Cible minimum RPM"/>
		<text name="gearboxMogliTIP_MaxTargetRpm"        text="Cible maximum RPM"/>

		<text name="gearboxMogliTEXT_GrindingClutch"     text="ne peut pas changer de vitesse; embrayage"/>
		<text name="gearboxMogliTEXT_GrindingSpeed"      text="ne peut pas changer de vitesse; vitesse"/>
		<text name="gearboxMogliTEXT_DoubleClutch"       text="ne peut pas changer de vitesse; RPM"/>
		<text name="gearboxMogliTEXT_Stall1"             text="RPM est trop bas"/>
		<text name="gearboxMogliTEXT_Stall2"             text="le moteur a calé car les RPM étaient trop bas"/>
		<text name="gearboxMogliTEXT_Stall3"             text="la prise de force nécessite plus de puissance"/>
		<text name="gearboxMogliTEXT_Stall4"             text="le moteur a calé car la prise de force nécessite plus de puissance"/>
		<text name="gearboxMogliTEXT_ClutchOverheating"  text="l'embrayage surchauffe"/>

		<!-- texts in the HUD => keep them short -->
		<text name="gearboxMogliDRAW_difflock"           text="Crabot"/>
		<text name="gearboxMogliDRAW_maxSpeed"           text="Vitesse Max"/>
		<text name="gearboxMogliDRAW_speed"              text="Vitesse"/>
		<text name="gearboxMogliDRAW_currentRpm"         text="Rpm actuel"/>
		<text name="gearboxMogliDRAW_TargetRpm"          text="Rpm ciblé"/>
		<text name="gearboxMogliDRAW_power"              text="Puissance"/>
		<text name="gearboxMogliDRAW_load"               text="Charge"/>
		<text name="gearboxMogliDRAW_fuel"               text="Consommation"/>
		<text name="gearboxMogliDRAW_clutch"             text="Embrayage"/>
		<text name="gearboxMogliDRAW_autoClutch"         text="Embrayage auto"/>
		<text name="gearboxMogliDRAW_hand"               text="Acc. à main"/>
		<text name="gearboxMogliDRAW_fixed"              text="Cor. de rapport"/>
		<text name="gearboxMogliDRAW_combine"            text="Combiner"/>	<!-- may need tune if combine harvest is talking about :p -->
		<text name="gearboxMogliDRAW_wheelSlip"          text="Patinage"/>

		<text name="gearboxMogliUNIT_rpm"                text="RPM"/>
		<text name="gearboxMogliUNIT_HP"                 text="CV"/>
		<text name="gearboxMogliUNIT_kph"                text="km/h"/>
		<text name="gearboxMogliUNIT_mph"                text="mph"/>
		<text name="gearboxMogliUNIT_lph"                text="l/h"/>
		<text name="gearboxMogliUNIT_lp100km"            text="l/100km"/>
		<text name="gearboxMogliUNIT_tph"                text="t/h"/>tons per hour
	</texts>
	
	<longTexts>
		<longText name="gearboxMogliHelp_1"><![CDATA[
Chaque tracteur n'a pas de transmission à variation continue. Et même les transmissions à variation continue ne sont pas aussi simples à construire que la norme FS15. Ce mod ajoute sur la base d'un fichier gearboxAddonConfig.xml une boîte de vitesses configurable à tous les véhicules. De nombreux types de transmission différentes peuvent être simulés. Il existe des boîtes de vitesses classiques avec engrenages, une ou deux gammes et inverser les vitesses ou les gammes. Raccourcir le temps de réponse à zéro entraînera une transmission de puissance. Dans les tracteurs modernes, les transmissions à changement de vitesse sont souvent associées à un changement automatique de vitesses.

Ajouté à cela, un autre type de transmission est la transmission à variation continue. Il existe des modèles avec une ou deux vitesses comme le Fendt Vario. D'autres modèles combinent quatre engrenages mécaniques automatiquement commutés avec un entraînement hydrostatique à variation continue. Toutes ces transmissions continuellement variables ont une chose en commun: le rendement varie fortement selon le rapport de démultiplication.

Il est aussi ajouté des modes tels que AllAuto et ECO. Dans le mode ECO le véhicule a toujours le couple maximum avec seulement 90% de puissance pour économiser du carburant. En AllAuto la boite de vitesse passe les rapports automatiquement.
]]></longText>
	</longTexts>
</l10n>
