<?xml version="1.0" encoding="utf-8" standalone="no" ?>
<l10n>
	<!-- Note that 'description' is only here for easier translations. It needs to be manually copied to ModDesc.XML later. -->
	<description>
<![CDATA[Skrzynia biegów:
Dodaje specjalizację 'gearboxMogli' do wszystkich skonfigurowanych pojazdów.]]>
	</description>

	<texts>
		<!--GearboxAddon helpPanel text-->
		<text name="gearboxMogliInputPrefix"			 	text="Gearbox: "/>

		<text name="input_gearboxMogliSHIFTGEARUP"		 	text="Gearbox: Bieg w górę"/>
		<text name="input_gearboxMogliSHIFTGEARDOWN"	 	text="Gearbox: Bieg w dół"/>
		<text name="input_gearboxMogliSHIFTGEARTOGGLE"	 	text="Gearbox: Zmiana biegu"/>
		<text name="input_gearboxMogliSHIFTRANGEUP"		 	text="Gearbox: Zakres 1 w górę"/>
		<text name="input_gearboxMogliSHIFTRANGE2UP"	 	text="Gearbox: Zakres 2 w górę"/>
		<text name="input_gearboxMogliSHIFTRANGEDOWN"	 	text="Gearbox: Zakres 1 w dół"/>
		<text name="input_gearboxMogliSHIFTRANGE2DOWN"	 	text="Gearbox: Zakres 2 w dół"/>
		<text name="input_gearboxMogliSHIFTRANGETOGGLE"  	text="Gearbox: Zmiana zakresu 1"/>
		<text name="input_gearboxMogliSHIFTRANGE2TOGGLE" 	text="Gearbox: Zmiana zakresu 2"/>
		<text name="input_gearboxMogliNEUTRAL"			 	text="Gearbox: Luz"/>
		<text name="input_gearboxMogliAUTOMATIC"		 	text="Gearbox: Skrzynia automatyczna"/>
		<text name="input_gearboxMogliOFF"				 	text="Skrzynia biegów [wyłączona]"/>
		<text name="input_gearboxMogliON"				 	text="Skrzynia biegów [włączona]"/>
		<text name="input_gearboxMogliON_OFF"			 	text="Gearbox: Wł/Wył"/>
		<text name="input_gearboxMogliSETTINGS"			 	text="Gearbox: Ustawienia"/>
		<text name="input_gearboxMogliHUD"				 	text="Gearbox: Pokaż/Ukryj HUD"/>
		<text name="input_gearboxMogliAllAuto"			 	text="Gearbox: Przełączanie skrzyni"/>
		<text name="input_gearboxMogliAllAutoON"		 	text="Skrzynia biegów [uproszczona]"/>
		<text name="input_gearboxMogliAllAutoOFF"		 	text="Skrzynia biegów [realistyczna]"/>
		<text name="input_gearboxMogliREVERSE"			 	text="Gearbox: Rewers"/>
		<text name="input_gearboxMogliHANDBRAKE"		 	text="Gearbox: Hamulec ręczny"/>
		<text name="input_gearboxMogliAUTOCLUTCH2"		 	text="Gearbox: Automatyczne sprzęgło"/>
		<text name="input_gearboxMogliCLUTCH"			 	text="Gearbox: Sprzęgło"/>
		<text name="input_gearboxMogliCLUTCH_1"			 	text="Gearbox: Sprzęgło otwarte"/>
		<text name="input_gearboxMogliCLUTCH_2"			 	text="Gearbox: Sprzęgło zamknięte"/>
		<text name="input_gearboxMogliCLUTCH_3"			 	text="Gearbox: Sprzęgło"/>
		<text name="input_gearboxMogliMINRPM"			 	text="Gearbox: Gaz ręczny"/>
		<text name="input_gearboxMogliMINRPM_1"			 	text="Gearbox: Zmniejsz gaz ręczny"/>
		<text name="input_gearboxMogliMINRPM_2"			 	text="Gearbox: Zwiększ gaz ręczny"/>
		<text name="input_gearboxMogliFIXEDRATIO"		 	text="Gearbox: Poprawiony współczynnik"/>
		<text name="input_gearboxMogliFIXEDRATIO_1"		 	text="Gearbox: Zmniejsz poprawiony współczynnik"/>
		<text name="input_gearboxMogliFIXEDRATIO_2"		 	text="Gearbox: Zwiększ poprawiony współczynnik"/>
		<text name="input_gearboxMogliGEAR1"			 	text="Gearbox: G27 1"/>
		<text name="input_gearboxMogliGEAR2"			 	text="Gearbox: G27 2"/>
		<text name="input_gearboxMogliGEAR3"			 	text="Gearbox: G27 3"/>
		<text name="input_gearboxMogliGEAR4"			 	text="Gearbox: G27 4"/>
		<text name="input_gearboxMogliGEAR5"			 	text="Gearbox: G27 5"/>
		<text name="input_gearboxMogliGEAR6"			 	text="Gearbox: G27 6"/>
		<text name="input_gearboxMogliGEARR"			 	text="Gearbox: G27 R"/>
		<text name="input_gearboxMogliGEARFWD"			 	text="Gearbox: W przód"/>
		<text name="input_gearboxMogliGEARBACK"			 	text="Gearbox: W tył"/> 
		<text name="input_gearboxMogliSPEEDLIMIT"		 	text="Gearbox: Tempomat"/>
		<text name="input_gearboxMogliSWAPSPEED"		 	text="Gearbox: Kolejny tempomat"/>
		<text name="input_gearboxMogliSWAPSPEEDR"		 	text="Gearbox: Poprzedni tempomat"/>
		<text name="input_gearboxMogliSETSPEED"			 	text="Gearbox: Ustaw tempomat"/>
		<text name="input_gearboxMogliACCTOLIMIT"		 	text="Gearbox: Zwiększ prędkość tempomatu"/>
		<text name="input_gearboxMogliDECTOLIMIT"		 	text="Gearbox: Zmniejsz prędkość tempomatu"/>
		<text name="input_gearboxMogliECO"				 	text="Gearbox: Tryb EKO wł/wył"/>
		<text name="input_gearboxMogliKEEPSPEED"		 	text="Gearbox: Tempomat"/>
		<text name="input_gearboxMogliKEEPSPEEDTOGGLE"	 	text="Gearbox: Przełączanie tempomatu"/>
		<text name="input_gearboxMogliDIFFLOCKMIDDLE"	 	text="Gearbox: Przełączanie napędu kół"/>
		<text name="input_gearboxMogliDIFFLOCKFRONT"	 	text="Gearbox: Ustawienia przedniego mostu"/>
		<text name="input_gearboxMogliDIFFLOCKBACK"		 	text="Gearbox: Ustawienia tylnego mostu"/>

		<text name="gearboxMogliTEXT_OFF"				 	text="Silnik wyłączony"/>
		<text name="gearboxMogliTEXT_AI"				 	text="Pomocnik"/>
		<text name="gearboxMogliTEXT_CP"				 	text="CP"/>
		<text name="gearboxMogliTEXT_BRAKE"				 	text="Hamulec ręczny"/>
		<text name="gearboxMogliTEXT_DC"				 	text="Podwójne sprzęgło"/>
		<text name="gearboxMogliTEXT_NEUTRAL"			 	text="Luz"/>
		<text name="gearboxMogliTEXT_AUTO"				 	text="Automat"/>
		<text name="gearboxMogliTEXT_MANUAL"			 	text="Ręczna"/>
		<text name="gearboxMogliTEXT_NOGEAR"			 	text="Luz"/>
		<text name="gearboxMogliTEXT_VARIO"				 	text="CVT"/>
		<text name="gearboxMogliTEXT_ALLAUTO"			 	text="Uproszczona"/>
		<text name="gearboxMogliTEXT_ECO"				 	text="Tryb EKO"/>
		<text name="gearboxMogliTEXT_AUTO_HOLD"			 	text="Auto hamulec"/>

		<text name="gearboxMogliTEXT_DISABLED"           	text="Wyłączone"/>
		<text name="gearboxMogliTEXT_ENABLED"            	text="Włączone"/>
		<text name="gearboxMogliTEXT_POWERSHIFT"         	text="Automatyczna Powershift"/>
		<text name="gearboxMogliTEXT_N_A"                	text="Niedostępne"/>

		<text name="gearboxMogliTEXT_DrawTargetRpm"      	text="Wyświetlanie docelowego RPM"/>
		<text name="gearboxMogliTEXT_DrawReqPower"       	text="Wyświetlanie mocy"/>
		<text name="gearboxMogliTEXT_EnableAI"           	text="Skrzynia pomocnika"/>
		<text name="gearboxMogliTEXT_SwapGearRangeKeys"  	text="Zamień biegi i zakres 1"/>

		<text name="gearboxMogliTEXT_AllAutoMode"        	text="Ustawienia skrzyni uproszczonej"/>
		<text name="gearboxMogliTEXT_AllAutoMode_0"      	text="Sekwencja"/>
		<text name="gearboxMogliTEXT_AllAutoMode_1"      	text="Biegi"/>
		<text name="gearboxMogliTEXT_AllAutoMode_2"      	text="Zakres 1"/>
		<text name="gearboxMogliTEXT_AllAutoMode_3"      	text="Biegi i zakres 1"/>
		<text name="gearboxMogliTEXT_AllAutoMode_4"      	text="Zakres 2"/>
		<text name="gearboxMogliTEXT_AllAutoMode_5"      	text="Biegi i zakres 2"/>
		<text name="gearboxMogliTEXT_AllAutoMode_6"      	text="Zakresy 1 i 2"/>
		<text name="gearboxMogliTEXT_AllAutoMode_7"      	text="Biegi, zakresy 1 i 2"/>

		<text name="gearboxMogliTEXT_DiffLock"           	text="Blokada mechanizmu różnicowego"/>
		<text name="gearboxMogliTEXT_DiffLock_2wd"       	text="2 koła napędzane"/>
		<text name="gearboxMogliTEXT_DiffLock_4wd"       	text="4 koła napędzane"/>
		<text name="gearboxMogliTEXT_DiffLock_open"      	text="Odblokowany"/>
		<text name="gearboxMogliTEXT_DiffLock_lsd"       	text="Ograniczony poślizg"/>
		<text name="gearboxMogliTEXT_DiffLock_auto"      	text="Automatycznie"/>
		<text name="gearboxMogliTEXT_DiffLock_fixed"     	text="Poprawiony współczynnik"/>
		<text name="gearboxMogliTEXT_DiffLock_locked"    	text="Zablokowany"/>

		<text name="gearboxMogliTEXT_GearShifterMode"    	text="G27 i biegi"/>
		<text name="gearboxMogliTEXT_GearShifter_both"   	text="Klawisze i G27"/>
		<text name="gearboxMogliTEXT_GearShifter_key"    	text="Klawisze"/>
		<text name="gearboxMogliTEXT_GearShifter_G27"    	text="G27"/>

		<text name="gearboxMogliTEXT_ShuttleShifterMode" 	text="Jazda w przód/tył"/>
		<text name="gearboxMogliTEXT_Shuttle_both"       	text="Przełączanie i oddzielnie"/>
		<text name="gearboxMogliTEXT_Shuttle_toggle"     	text="Przełączanie przyciskiem"/>
		<text name="gearboxMogliTEXT_Shuttle_back_fwd"   	text="Osobne przyciski"/>

		<text name="gearboxMogliTEXT_Range1ShifterMode"		text="G27 i zakres 1"/>
		<text name="gearboxMogliTEXT_Range2ShifterMode"		text="G27 i zakres 2"/>
		<text name="gearboxMogliTEXT_RangeShifter_toggle"	text="Przełączanie"/>
		<text name="gearboxMogliTEXT_RangeShifter_high_on"	text="Górny zakres (wciśnięty)"/>
		<text name="gearboxMogliTEXT_RangeShifter_low_on"	text="Dolny zakres (wciśnięty)"/>

		<text name="gearboxMogliTEXT_MinTargetRpm"       	text="Min. docelowe RPM"/>
		<text name="gearboxMogliTEXT_MaxTargetRpm"       	text="Max. docelowe RPM"/>
		<text name="gearboxMogliTEXT_MatchGears"         	text="Bieg przy zmienie zakresu"/>
		<text name="gearboxMogliTEXT_MatchRanges"        	text="Zakres przy zmienie biegu"/>
		<text name="gearboxMogliTEXT_MATCH_1"            	text="Nie dostosowuj"/>
		<text name="gearboxMogliTEXT_MATCH_2"            	text="Tylko dla 1 i ostatniego"/>
		<text name="gearboxMogliTEXT_MATCH_3"            	text="Dostosuj automatycznie"/>

		<!-- page headers -->
		<text name="gearboxMogliTIP_Settings"            	text="Ustawienia 1"/>
		<text name="gearboxMogliTIP_Settings2"           	text="Ustawienia 2"/>
		<text name="gearboxMogliTIP_Help_1"              	text="Info"/>
		<text name="gearboxMogliTIP_Inputs"              	text="Klawisze"/>

		<!-- tool tips -->
		<text name="gearboxMogliTIP_SPEEDLIMIT"          	text="Ogranicza maksymalną prędkości jazdy, do wartości aktualnie ustawionej na tempomacie"/>
		<text name="gearboxMogliTIP_DIFFLOCKMIDDLE"      	text="Załączanie napędu na wszystkie koła"/>
		<text name="gearboxMogliTIP_DIFFLOCKFRONT"       	text="Blokowanie tylnego mechanizmu różnicowego (napęd na wszystkie koła musi być włączony!!)"/>
		<text name="gearboxMogliTIP_DIFFLOCKBACK"        	text="Blokowanie tylnego mechanizmu różnicowego"/>
		<text name="gearboxMogliTIP_MINRPM"              	text="Umożliwia ustawienie stałych obrotów silnika"/>
		<text name="gearboxMogliTIP_FIXEDRATIO"          	text="Poprawia przełożenie skrzyni CVT"/>
		<text name="gearboxMogliTIP_AUTOCLUTCH2"         	text="Automatyczne steruje sprzęgłem"/>
		<text name="gearboxMogliTIP_AUTOMATIC"           	text="Automatyczna zmiana biegów jak w realnym pojeździe"/>
		<text name="gearboxMogliTIP_AllAutoMode"         	text="Umożliwia dostowanie czy zakresy albo/lub/i biegi mają być przełączane automatycznie"/>
		<text name="gearboxMogliTIP_DrawTargetRpm"       	text="Wyświetla docelowe obroty silnika na HUDzie"/>
		<text name="gearboxMogliTIP_DrawReqPower"        	text="Wyświetla obecną moc silnika na HUDzie"/>
		<text name="gearboxMogliTIP_EnableAI"            	text="Ustala typ skrzyni używanej przez pomocnika"/>
		<text name="gearboxMogliTIP_SwapGearRangeKeys"   	text="Zamienia przełożenia biegów z 1 zakresem"/>
		<text name="gearboxMogliTIP_GearShifterMode"     	text="Zmiana biegów drążkiem (wymagana kierownica z shifterem)"/>
		<text name="gearboxMogliTIP_ShuttleShifterMode"  	text="Zmiana kierunku jazdy (wymagana kierownica z shifterem)"/>
		<text name="gearboxMogliTIP_MinTargetRpm"        	text="Ustala najniższe docelowe obroty silnika"/>
		<text name="gearboxMogliTIP_MaxTargetRpm"        	text="Ustala najwyższe docelowe obroty silnika"/>
		<text name="gearboxMogliTIP_MatchGears"          	text="Automatycznie dostosowuje bieg podczas zmiany zakresów"/>
		<text name="gearboxMogliTIP_MatchRanges"         	text="Automatycznie dostosowuje zakres podczas zmiany biegów"/>
		<text name="gearboxMogliTIP_Range1ShifterMode"   	text="To ustawienie ma sens tylko dla kierownicy z shifterem"/>
		<text name="gearboxMogliTIP_Range2ShifterMode"   	text="To ustawienie ma sens tylko dla kierownicy z shifterem"/>

		<text name="gearboxMogliTIP_MinAutoGearSpeed"    	text="Ustala dolny limit prędkości na biegu w trybie automatycznym"/>
		<text name="gearboxMogliTIP_MaxAutoGearSpeed"    	text="Ustala górny limit prędkości na biegu w trybie automatycznym"/>
		<text name="gearboxMogliTIP_ResetFwdGear"        	text="Ustala, który bieg ma zostać włączony po zmianie kierunku jazdy do przodu"/>
		<text name="gearboxMogliTIP_ResetRevGear"        	text="Ustala, który bieg ma zostać włączony po zmianie kierunku jazdy do tyłu"/>
		<text name="gearboxMogliTIP_ResetFwdRange"       	text="Ustala, które przełożenie zakresu 1 ma zostać włączone po zmianie kierunku jazdy do przodu"/>
		<text name="gearboxMogliTIP_ResetRevRange"       	text="Ustala, które przełożenie zakresu 1 ma zostać włączone po zmianie kierunku jazdy do tyłu"/>
		<text name="gearboxMogliTIP_ResetFwdRange2"      	text="Ustala, które przełożenie zakresu 2 ma zostać włączone po zmianie kierunku jazdy do przodu"/>
		<text name="gearboxMogliTIP_ResetRevRange2"      	text="Ustala, które przełożenie zakresu 2 ma zostać włączone po zmianie kierunku jazdy do tyłu"/>

		<text name="gearboxMogliTEXT_MinAutoGearSpeed"   	text="Min. prędkość na biegu"/>
		<text name="gearboxMogliTEXT_MaxAutoGearSpeed"   	text="Max. prędkość na biegu"/>
		<text name="gearboxMogliTEXT_ResetFwdGear"       	text="Początkowy bieg do przodu"/>
		<text name="gearboxMogliTEXT_ResetRevGear"       	text="Początkowy bieg do tyłu"/>
		<text name="gearboxMogliTEXT_ResetFwdRange"      	text="Początkowy zakres 1 do przodu"/>
		<text name="gearboxMogliTEXT_ResetRevRange"      	text="Początkowy zakres 1 do tyłu"/>
		<text name="gearboxMogliTEXT_ResetFwdRange2"     	text="Początkowy zakres 2 do przodu"/>
		<text name="gearboxMogliTEXT_ResetRevRange2"     	text="Początkowy zakres 2 do tyłu"/>

		<text name="gearboxMogliTIP_EcoMode"             	text="W trybie ECO silniki są zoptymalizowane pod kątem mniejszego zużycia paliwa"/>
		<text name="gearboxMogliTEXT_EcoMode"            	text="Tryb ECO"/>
		<text name="gearboxMogliTIP_AccelerateToLimit"   	text="Szybkość przyspieszania i zwalniania w celu dostosowania prędkość do nowo ustawionej wartości na tempomacie"/>
		<text name="gearboxMogliTEXT_AccelerateToLimit"  	text="Wyrównanie do tempomatu"/>
		<text name="gearboxMogliTIP_ShuttleFactor"       	text="Im większa czułość, tym szybciej pojazd zmieni kierunek jazdy"/>		
		<text name="gearboxMogliTEXT_ShuttleFactor"      	text="Czułość rewersu"/>

		<text name="gearboxMogliTEXT_GrindingClutch"     	text="Nie można zmienić biegu; Sprzęgło"/>
		<text name="gearboxMogliTEXT_GrindingSpeed"      	text="Nie można zmienić biegu; Prędkość"/>
		<text name="gearboxMogliTEXT_DoubleClutch"       	text="Nie można zmienić biegu; RPM silnika"/>
		<text name="gearboxMogliTEXT_Stall1"             	text="Zbyt niskie RPM silnika!"/>
		<text name="gearboxMogliTEXT_Stall2"             	text="Silnik zgasł z powodu zbyt niskich RPM silnika"/>
		<text name="gearboxMogliTEXT_Stall3"             	text="Zbyt duże zapotrzebowanie na mocy z WOM!"/>
		<text name="gearboxMogliTEXT_Stall4"             	text="Silnik zgasł z powodu zbyt dużego zapotrzebowania na moc z WOM"/>
		<text name="gearboxMogliTEXT_ClutchOverheating"  	text="Palisz sprzęgło!"/>

		<text name="gearboxMogliTIP_SlipPlough"          	text="Gdy koła zaczną grzęznąć, teren pod nimi zmieni się na zaorany, a uprawy zostaną zniszczone."/>
		<text name="gearboxMogliTEXT_SlipPlough"         	text="Grzęźnięcie kół"/>
		<text name="gearboxMogliTIP_ClutchSpeed"			text="Szybkość reakcji sprzęgła"/>
		<text name="gearboxMogliTEXT_ClutchSpeed"			text="Czas reakcji sprzęgła po wciśnięciu przycisku"/>

		<!-- texts in the HUD => keep them short -->
		<text name="gearboxMogliDRAW_difflock"           	text="Blok. dyf."/>
		<text name="gearboxMogliDRAW_maxSpeed"           	text="Max. prędkość"/>
		<text name="gearboxMogliDRAW_speed"              	text="Prędkość"/>
		<text name="gearboxMogliDRAW_currentRpm"         	text="Obecne RPM"/>
		<text name="gearboxMogliDRAW_TargetRpm"          	text="Docelowe RPM"/>
		<text name="gearboxMogliDRAW_power"              	text="Moc"/>
		<text name="gearboxMogliDRAW_load"               	text="Obciążenie silnika"/>
		<text name="gearboxMogliDRAW_fuel"               	text="Spalanie"/>
		<text name="gearboxMogliDRAW_clutch"             	text="Sprzęgło"/>
		<text name="gearboxMogliDRAW_autoClutch"         	text="Auto. sprzęgło"/>
		<text name="gearboxMogliDRAW_hand"               	text="Gaz ręczny"/>
		<text name="gearboxMogliDRAW_fixed"              	text="Poprawiony współ."/>
		<text name="gearboxMogliDRAW_combine"            	text="Kombajn"/>
		<text name="gearboxMogliDRAW_wheelSlip"          	text="Poślizg kół"/>

		<text name="gearboxMogliUNIT_rpm"                	text="RPM"/>		
		<text name="gearboxMogliUNIT_HP"                 	text="KM"/>		
		<text name="gearboxMogliUNIT_kph"                	text="km/h"/>		
		<text name="gearboxMogliUNIT_mph"                	text="mph"/>
		<text name="gearboxMogliUNIT_lph"                	text="l/h"/>
		<text name="gearboxMogliUNIT_lp100km"            	text="l/100km"/>
		<text name="gearboxMogliUNIT_tph"                	text="t/h"/>

		<!-- still used?? -->
		<text name="input_gearboxMogliCONFLICT_1"			text="Gearbox: Konflikt 1"/>
		<text name="input_gearboxMogliCONFLICT_2"			text="Gearbox: Konflikt 2"/>
		<text name="input_gearboxMogliCONFLICT_3"			text="Gearbox: Konflikt 3"/>
		<text name="input_gearboxMogliCONFLICT_4"			text="Gearbox: Konflikt 4"/>
	</texts>

	<longTexts>
		<longText name="gearboxMogliHelp_1"><![CDATA[
Nie każdy ciągnik posiada bezstopniową skrzynię biegów. Ale nawet bezstopniowa skrzynia biegów nie jest tak skonstruowana jak ta standardowa w FS17. Ten mod dodaje za pomocą pliku konfiguracyjnego 'gearboxAddonConfig.xml' różne skrzynie biegów do pojazdów w nim skonfigurowanych. Możesz symulować różnego rodzaju skrzynie biegów. Istnieją klasyczne skrzynie z biegami, z jednym lub dwoma zakresami i biegiem wstecznym jako bieg w pierwszym lub drugim zakresie lub jako rewers. Gdy czas przełożenia zostanie skrócony do 0, da to w rezultacie przekładnię PowerShift. W nowoczesnych ciągnikach, przekładnia ta działa zazwyczaj automatycznie.

Oprócz klasycznych skrzyń biegów, wspierane są też bezstopniowe przekładnie. Są modele z jednym lub dwoma biegami jak np. Fendt Vario. Inne modele łączą cztery automatycznie przełączane biegi z bezstopniowym napędem hydrostatycznym. Wszystkie te bezstopniowe przekładnie mają jedną wspólną cechę, wydajność różni się w zależności od przełożenia.

Ponadto istnieją tryby AllAuto i ECO. W trybie ECO, uzyskiwany jest maksymalny moment obrotowy, ale dostępne jest tylko 90% mocy. W trybie ECO, RPM silnika są niższe (50% zamiast 75%), gdy zostanie włączony WOM, będzie on też przekazywał trochę mniej mocy. W trybie AllAuto biegi, zakresy (tylko pierwszy zakres skrzyni) i sprzęgło są sterowane automatycznie. W tym trybie również pomocnik jest nastawiony na używanie skrzyni biegów z modu GearboxAddons.
]]>
		</longText>
	</longTexts>
</l10n>
