<?xml version="1.0" encoding="utf-8" standalone="no" ?>
<l10n>
	<!-- Note that 'description' is only here for easier translations. It needs to be manually copied to ModDesc.XML later. -->
	<description>
<![CDATA[Transmission:
Améliore toute les conduites de véhicules grâce à l'ajout de la boîte de vitesses GearboxMogli]]>
</description>

	<texts>
		<!--GearboxAddon helpPanel text-->
		<text name="gearboxMogliInputPrefix"           text="Gearbox: "/>
		
		<text name="input_gearboxMogliSHIFTGEARUP"     text="Gearbox: vitesse sup"/>
		<text name="input_gearboxMogliSHIFTGEARDOWN"   text="Gearbox: vitesse inf"/>
		<text name="input_gearboxMogliSHIFTGEARTOGGLE" text="Gearbox: changer vitesse"/>
		<text name="input_gearboxMogliSHIFTRANGEUP"    text="Gearbox: gamme sup"/>
		<text name="input_gearboxMogliSHIFTRANGE2UP"   text="Gearbox: gamme 2 sup"/>
		<text name="input_gearboxMogliSHIFTRANGEDOWN"  text="Gearbox: gamme inf"/>
		<text name="input_gearboxMogliSHIFTRANGE2DOWN" text="Gearbox: gamme 2 inf"/>
		<text name="input_gearboxMogliSHIFTRANGETOGGLE"  text="Gearbox: changer gamme"/>
		<text name="input_gearboxMogliSHIFTRANGE2TOGGLE" text="Gearbox: changer gamme 2"/>
		<text name="input_gearboxMogliNEUTRAL"         text="Gearbox: point mort"/>
		<text name="input_gearboxMogliAUTOMATIC"       text="Gearbox: changer automatique"/>
		<text name="input_gearboxMogliOFF"             text="boite manuelle [off]"/>
		<text name="input_gearboxMogliON"              text="boite manuelle [on]"/>
		<text name="input_gearboxMogliON_OFF"          text="Gearbox: On/Off"/>
		<text name="input_gearboxMogliSETTINGS"        text="Gearbox: Paramètres"/>
		<text name="input_gearboxMogliHUD"             text="Gearbox: HUD on/off"/>
		<text name="input_gearboxMogliAllAuto"         text="Gearbox: changer simple/réaliste"/>
		<text name="input_gearboxMogliAllAutoON"       text="Gearbox [simplifiée]"/>
		<text name="input_gearboxMogliAllAutoOFF"      text="Gearbox [réaliste]"/>
		<text name="input_gearboxMogliREVERSE"         text="Gearbox: Sens inverse"/>
		<text name="input_gearboxMogliHANDBRAKE"       text="Gearbox: frein à main"/>
		<text name="input_gearboxMogliAUTOCLUTCH2"     text="Gearbox: embrayage auto/manuel"/>
		<text name="input_gearboxMogliCLUTCH"          text="Gearbox: embrayage"/>
		<text name="input_gearboxMogliCLUTCH_1"        text="Gearbox: débrayer"/>
		<text name="input_gearboxMogliCLUTCH_2"        text="Gearbox: embrayer"/>
		<text name="input_gearboxMogliCLUTCH_3"        text="Gearbox: embrayage"/>
		<text name="input_gearboxMogliMINRPM"          text="Gearbox: accélérateur à main"/>
		<text name="input_gearboxMogliMINRPM_1"        text="Gearbox: réduire accélérateur à main"/>
		<text name="input_gearboxMogliMINRPM_2"        text="Gearbox: augmenter accélérateur à main"/>
		<text name="input_gearboxMogliFIXEDRATIO"      text="Gearbox: correction rapport"/>
		<text name="input_gearboxMogliFIXEDRATIO_1"    text="Gearbox: correction rapport inf"/>
		<text name="input_gearboxMogliFIXEDRATIO_2"    text="Gearbox: correction rapport sup"/>
		<text name="input_gearboxMogliGEAR1"           text="Gearbox: G27 1"/>
		<text name="input_gearboxMogliGEAR2"           text="Gearbox: G27 2"/>
		<text name="input_gearboxMogliGEAR3"           text="Gearbox: G27 3"/>
		<text name="input_gearboxMogliGEAR4"           text="Gearbox: G27 4"/>
		<text name="input_gearboxMogliGEAR5"           text="Gearbox: G27 5"/>
		<text name="input_gearboxMogliGEAR6"           text="Gearbox: G27 6"/>
		<text name="input_gearboxMogliGEARR"           text="Gearbox: G27 R"/>
		<text name="input_gearboxMogliGEARFWD"         text="Gearbox: marche avant"/>
		<text name="input_gearboxMogliGEARBACK"        text="Gearbox: marche arrière"/> 
		<text name="input_gearboxMogliSPEEDLIMIT"      text="Gearbox: régulateur"/>
		<text name="input_gearboxMogliSWAPSPEED"       text="Gearbox: régulateur suivant"/>
		<text name="input_gearboxMogliSWAPSPEEDR"      text="Gearbox: régulateur précédent"/>
		<text name="input_gearboxMogliSETSPEED"        text="Gearbox: réglage régulateur"/>
		<text name="input_gearboxMogliACCTOLIMIT"      text="Gearbox: limiteur d'accéleration"/>
		<text name="input_gearboxMogliDECTOLIMIT"      text="Gearbox: limiteur de décélération"/>
		<text name="input_gearboxMogliECO"             text="Gearbox: éco on/off"/>
		<text name="input_gearboxMogliKEEPSPEED"       text="Gearbox: régulateur de vitesse"/>
		<text name="input_gearboxMogliKEEPSPEEDTOGGLE" text="Gearbox: changer régulateur de vitesse"/>
		<text name="input_gearboxMogliDIFFLOCKMIDDLE"  text="Gearbox: mode 4x4"/>
		<text name="input_gearboxMogliDIFFLOCKFRONT"   text="Gearbox: blocage différentiel avant"/>
		<text name="input_gearboxMogliDIFFLOCKBACK"    text="Gearbox: blocage différentiel arrière"/>

		<text name="gearboxMogliTEXT_OFF"        text="moteur off"/>
		<text name="gearboxMogliTEXT_AI"         text="IA"/>
		<text name="gearboxMogliTEXT_CP"         text="Courseplay"/>
		<text name="gearboxMogliTEXT_BRAKE"      text="frein à main"/>
		<text name="gearboxMogliTEXT_DC"         text="double embrayage"/>
		<text name="gearboxMogliTEXT_NEUTRAL"    text="point mort"/>
		<text name="gearboxMogliTEXT_AUTO"       text="automatique"/>
		<text name="gearboxMogliTEXT_MANUAL"     text="manuelle"/>
		<text name="gearboxMogliTEXT_NOGEAR"     text="pas de vitesse"/>
		<text name="gearboxMogliTEXT_VARIO"      text="CVT"/>
		<text name="gearboxMogliTEXT_ALLAUTO"    text="simple"/>
		<text name="gearboxMogliTEXT_ECO"        text="éco"/>
		<text name="gearboxMogliTEXT_AUTO_HOLD"  text="auto-blocage"/>
		                                                 
		<text name="gearboxMogliTEXT_DISABLED"           text="off"/>
		<text name="gearboxMogliTEXT_ENABLED"            text="on"/>
		<text name="gearboxMogliTEXT_POWERSHIFT"         text="powershift automatique"/>
		<text name="gearboxMogliTEXT_N_A"                text="n/c"/>
		
		<text name="gearboxMogliTEXT_DrawTargetRpm"      text="afficher les RPM"/>
		<text name="gearboxMogliTEXT_DrawReqPower"       text="afficher la puissance"/>
		<text name="gearboxMogliTEXT_EnableAI"           text="cacher ouvrier"/>
		<text name="gearboxMogliTEXT_SwapGearRangeKeys"  text="changer vitesses et gamme 1"/>	... may need tweak
		<text name="gearboxMogliTEXT_GearShifterMode"    text="G27 et vitesses"/>		... may need tweak
		<text name="gearboxMogliTEXT_ShuttleShifterMode" text="boutons av-/arrière"/>		... may need tweak
		 
		<text name="gearboxMogliTEXT_AllAutoMode"        text="Paramètres simplifiée"/>
		<text name="gearboxMogliTEXT_AllAutoMode_0"      text="séquentielle"/>
		<text name="gearboxMogliTEXT_AllAutoMode_1"      text="vitesses"/>
		<text name="gearboxMogliTEXT_AllAutoMode_2"      text="gamme 1"/>
		<text name="gearboxMogliTEXT_AllAutoMode_3"      text="vitesses et gamme 1"/>
		<text name="gearboxMogliTEXT_AllAutoMode_4"      text="gamme 2"/>
		<text name="gearboxMogliTEXT_AllAutoMode_5"      text="vitesses et gamme 2"/>
		<text name="gearboxMogliTEXT_AllAutoMode_6"      text="gammes 1 et 2"/>
		<text name="gearboxMogliTEXT_AllAutoMode_7"      text="vitesses, gammes 1 et 2"/>
		
		<text name="gearboxMogliTEXT_DiffLock_2wd"       text="2RM"/>
		<text name="gearboxMogliTEXT_DiffLock_4wd"       text="4RM"/>
		<text name="gearboxMogliTEXT_DiffLock_open"      text="ouvert"/>			... may need tweak
		<text name="gearboxMogliTEXT_DiffLock_lsd"       text="glissement limité"/>
		<text name="gearboxMogliTEXT_DiffLock_auto"      text="automatique"/>
		<text name="gearboxMogliTEXT_DiffLock_fixed"     text="correction rapport"/>
		<text name="gearboxMogliTEXT_DiffLock_locked"    text="verrouillé"/>
		
		<text name="gearboxMogliTEXT_GearShifter_both"   text="G27 et touches"/>		... may need tweak
		<text name="gearboxMogliTEXT_GearShifter_key"    text="touches"/>			... may need tweak
		<text name="gearboxMogliTEXT_GearShifter_G27"    text="G27"/>
		
		<text name="gearboxMogliTEXT_Shuttle_both"       text="échanger et séparer"/>		... may need tweak
		<text name="gearboxMogliTEXT_Shuttle_toggle"     text="échanger bouton"/>		... may need tweak
		<text name="gearboxMogliTEXT_Shuttle_back_fwd"   text="séparer boutons"/>		... may need tweak
		
		<text name="gearboxMogliTEXT_MinTargetRpm"       text="min. RPM"/>
		<text name="gearboxMogliTEXT_MaxTargetRpm"       text="max. RPM"/>
		
		<!-- texts in the HUD => keep them short -->
		<text name="gearboxMogliDRAW_difflock"           text="Diff.Lock"/>
		<text name="gearboxMogliDRAW_maxSpeed"           text="Max. speed"/>
		<text name="gearboxMogliDRAW_speed"              text="Speed"/>
		<text name="gearboxMogliDRAW_currentRpm"         text="Current rpm"/>
		<text name="gearboxMogliDRAW_TargetRpm"          text="Target rpm"/>
		<text name="gearboxMogliDRAW_power"              text="Power"/>
		<text name="gearboxMogliDRAW_load"               text="Load"/>
		<text name="gearboxMogliDRAW_fuel"               text="Fuel used"/>
		<text name="gearboxMogliDRAW_clutch"             text="Clutch"/>
		<text name="gearboxMogliDRAW_autoClutch"         text="Auto clutch"/>
		<text name="gearboxMogliDRAW_hand"               text="Hand throttle"/>
		<text name="gearboxMogliDRAW_fixed"              text="Fixed ratio"/>
		<text name="gearboxMogliDRAW_combine"            text="Combine"/>
		<text name="gearboxMogliDRAW_wheelSlip"          text="Wheel slip"/>
		
		<text name="gearboxMogliUNIT_rpm"                text="RPM"/>		
		<text name="gearboxMogliUNIT_HP"                 text="CV"/>		
		<text name="gearboxMogliUNIT_kph"                text="km/h"/>		
		<text name="gearboxMogliUNIT_mph"                text="mph"/>		
	</texts>
</l10n>
