<?xml version="1.0" encoding="utf-8" standalone="no" ?>
<l10n>
	<!-- Note that 'description' is only here for easier translations. It needs to be manually copied to ModDesc.XML later. -->
	<description>
<![CDATA[Коробка передач. Добавляет специализацию gearboxMogli ко всем сконфигурированным транспортным средствам]]>
</description>

	<texts>
		<!--GearboxAddon helpPanel text-->
		<text name="gearboxMogliInputPrefix"               text="Gearbox: "/>
		
		<text name="input_gearboxMogliSHIFTGEARUP"         text="Gearbox: Передача вверх"/>
		<text name="input_gearboxMogliSHIFTGEARDOWN"       text="Gearbox: Передача вниз"/>
		<text name="input_gearboxMogliSHIFTGEARTOGGLE"     text="Gearbox: Переключение передач"/>
		<text name="input_gearboxMogliSHIFTRANGEUP"        text="Gearbox: Диапазон вверх"/>
		<text name="input_gearboxMogliSHIFTRANGE2UP"       text="Gearbox: Диапазон 2 вверх"/>
		<text name="input_gearboxMogliSHIFTRANGEDOWN"      text="Gearbox: Диапазон вниз"/>
		<text name="input_gearboxMogliSHIFTRANGE2DOWN"     text="Gearbox: Диапазон 2 вниз"/>
		<text name="input_gearboxMogliSHIFTRANGETOGGLE"    text="Gearbox: Переключатель диапазона"/>
		<text name="input_gearboxMogliSHIFTRANGE2TOGGLE"   text="Gearbox: Переключатель диапазона 2"/>
		<text name="input_gearboxMogliNEUTRAL"             text="Gearbox: Нейтральная"/>
		<text name="input_gearboxMogliAUTOMATIC"           text="Gearbox: Тип коробки передач"/>
		<text name="input_gearboxMogliOFF"                 text="Ручная КПП [Выкл]"/>
		<text name="input_gearboxMogliON"                  text="Ручная КПП [Вкл]"/>
		<text name="input_gearboxMogliON_OFF"              text="Gearbox: ВКЛ/ВЫКЛ"/>
		<text name="input_gearboxMogliSETTINGS"            text="Gearbox: Настройки"/>
		<text name="input_gearboxMogliHUD"                 text="Gearbox: HUD Вкл/Выкл"/>
		<text name="input_gearboxMogliAllAuto"             text="Gearbox: Реальное переключение"/>
		<text name="input_gearboxMogliAllAutoON"           text="Gearbox [упрощенная]"/>
		<text name="input_gearboxMogliAllAutoOFF"          text="Gearbox [реалистичная]"/>
		<text name="input_gearboxMogliREVERSE"             text="Gearbox: Задний ход"/>
		<text name="input_gearboxMogliHANDBRAKE"           text="Gearbox: Стояночный тормоз"/>
		<text name="input_gearboxMogliAUTOCLUTCH2"         text="Gearbox: Автоматическое сцепление"/>
		<text name="input_gearboxMogliCLUTCH"              text="Gearbox: Аналоговое сцепление"/>
		<text name="input_gearboxMogliCLUTCH_1"            text="Gearbox: Сцепление выжать"/>
		<text name="input_gearboxMogliCLUTCH_2"            text="Gearbox: Сцепление отпустить"/>
		<text name="input_gearboxMogliCLUTCH_3"            text="Gearbox: Цифровое сцепление"/>
		<text name="input_gearboxMogliMINRPM"              text="Gearbox: Ручной газ"/>
		<text name="input_gearboxMogliMINRPM_1"            text="Gearbox: Ручной газ вниз"/>
		<text name="input_gearboxMogliMINRPM_2"            text="Gearbox: Ручной газ вверх"/>
		<text name="input_gearboxMogliFIXEDRATIO"          text="Gearbox: Фиксированный коэффициент"/>
		<text name="input_gearboxMogliFIXEDRATIO_1"        text="Gearbox: Фиксированный коэффициент -"/>
		<text name="input_gearboxMogliFIXEDRATIO_2"        text="Gearbox: Фиксированный коэффициент +"/>
		<text name="input_gearboxMogliGEAR1"               text="Gearbox: G27 1"/>
		<text name="input_gearboxMogliGEAR2"               text="Gearbox: G27 2"/>
		<text name="input_gearboxMogliGEAR3"               text="Gearbox: G27 3"/>
		<text name="input_gearboxMogliGEAR4"               text="Gearbox: G27 4"/>
		<text name="input_gearboxMogliGEAR5"               text="Gearbox: G27 5"/>
		<text name="input_gearboxMogliGEAR6"               text="Gearbox: G27 6"/>
		<text name="input_gearboxMogliGEARR"               text="Gearbox: G27 R"/>
		<text name="input_gearboxMogliGEARFWD"             text="Gearbox: Вперед"/>
		<text name="input_gearboxMogliGEARBACK"            text="Gearbox: Назад"/> 
		<text name="input_gearboxMogliSPEEDLIMIT"          text="Gearbox: Ограничитель скорости"/>
		<text name="input_gearboxMogliSWAPSPEED"           text="Gearbox: Следующий ограничитель"/>
		<text name="input_gearboxMogliSWAPSPEEDR"          text="Gearbox: Предыдущий ограничитель"/>
		<text name="input_gearboxMogliSETSPEED"            text="Gearbox: Установить ограничитель"/>
		<text name="input_gearboxMogliACCTOLIMIT"          text="Gearbox: Ускорение"/>
		<text name="input_gearboxMogliDECTOLIMIT"          text="Gearbox: Замедление"/>
		<text name="input_gearboxMogliECO"                 text="Gearbox: ЭКО вкл/выкл"/>
		<text name="input_gearboxMogliKEEPSPEED"           text="Gearbox: Задать скорость удержания"/>
		<text name="input_gearboxMogliKEEPSPEEDTOGGLE"     text="Gearbox: Вкл. удержание скорости"/>
		<text name="input_gearboxMogliDIFFLOCKMIDDLE"      text="Gearbox: Тип привода"/>
		<text name="input_gearboxMogliDIFFLOCKFRONT"       text="Gearbox: Блокировать передний диффер."/>
		<text name="input_gearboxMogliDIFFLOCKBACK"        text="Gearbox: Блокировать задний дифферен."/>
		
		<text name="gearboxMogliTEXT_OFF"                  text="STOP"/>
		<text name="gearboxMogliTEXT_AI"                   text="Наймит"/>
		<text name="gearboxMogliTEXT_CP"                   text="CP"/>
		<text name="gearboxMogliTEXT_BRAKE"                text="Ручник"/>
		<text name="gearboxMogliTEXT_DC"                   text="Двойной выжим"/>
		<text name="gearboxMogliTEXT_NEUTRAL"              text="Нейтральная"/>
		<text name="gearboxMogliTEXT_AUTO"                 text="Автомат"/>
		<text name="gearboxMogliTEXT_MANUAL"               text="Ручная"/>
		<text name="gearboxMogliTEXT_NOGEAR"               text="без передач"/>
		<text name="gearboxMogliTEXT_VARIO"                text="CVT"/>
		<text name="gearboxMogliTEXT_ALLAUTO"              text="Упрощенная"/>
		<text name="gearboxMogliTEXT_ECO"                  text="eco"/>
		<text name="gearboxMogliTEXT_AUTO_HOLD"            text="Автоудержание"/>

		<text name="gearboxMogliTEXT_DISABLED"             text="Выкл."/>
		<text name="gearboxMogliTEXT_ENABLED"              text="Вкл."/>
		<text name="gearboxMogliTEXT_POWERSHIFT"           text="автосмена мощности"/>
		<text name="gearboxMogliTEXT_N_A"                  text="не доступно"/>
		
		<text name="gearboxMogliTEXT_DrawTargetRpm"        text="Отображать заданные обороты"/>
		<text name="gearboxMogliTEXT_DrawReqPower"         text="Отображать мощность"/>
		<text name="gearboxMogliTEXT_EnableAI"             text="КПП для наёмного работника"/>
		<text name="gearboxMogliTEXT_SwapGearRangeKeys"    text="Поменять клав.передач с диап.1"/>
		<text name="gearboxMogliTEXT_GearShifterMode"      text="G27 и передачи"/>
		<text name="gearboxMogliTEXT_ShuttleShifterMode"   text="Клавиши переключ. направления"/>
		 
		<text name="gearboxMogliTEXT_AllAutoMode"          text="Упрощенные настройки"/>
		<text name="gearboxMogliTEXT_AllAutoMode_0"        text="последовательная"/>
		<text name="gearboxMogliTEXT_AllAutoMode_1"        text="передачи"/>
		<text name="gearboxMogliTEXT_AllAutoMode_2"        text="диапазон 1"/>
		<text name="gearboxMogliTEXT_AllAutoMode_3"        text="передачи и диапазон 1"/>
		<text name="gearboxMogliTEXT_AllAutoMode_4"        text="диапазон 2"/>
		<text name="gearboxMogliTEXT_AllAutoMode_5"        text="передачи и диапазон 2"/>
		<text name="gearboxMogliTEXT_AllAutoMode_6"        text="диапазоны 1 и 2"/>
		<text name="gearboxMogliTEXT_AllAutoMode_7"        text="передачи, диапазоны 1,2"/>
		
		<text name="gearboxMogliTEXT_DiffLock_2wd"         text="2wd"/>
		<text name="gearboxMogliTEXT_DiffLock_4wd"         text="4wd"/>
		<text name="gearboxMogliTEXT_DiffLock_open"        text="разблокирован"/>
		<text name="gearboxMogliTEXT_DiffLock_lsd"         text="дифф.повыш.трения"/>
		<text name="gearboxMogliTEXT_DiffLock_auto"        text="автоматически"/>
		<text name="gearboxMogliTEXT_DiffLock_fixed"       text="Фиксированное значение"/>
		<text name="gearboxMogliTEXT_DiffLock_locked"      text="заблокирован"/>
		
		<text name="gearboxMogliTEXT_GearShifter_both"     text="клавиши и G27"/>
		<text name="gearboxMogliTEXT_GearShifter_key"      text="клавиши"/>
		<text name="gearboxMogliTEXT_GearShifter_G27"      text="G27"/>
		
		<text name="gearboxMogliTEXT_Shuttle_both"         text="переключатель и раздельно"/>
		<text name="gearboxMogliTEXT_Shuttle_toggle"       text="переключатель"/>
		<text name="gearboxMogliTEXT_Shuttle_back_fwd"     text="раздельные клав."/>
		
		<text name="gearboxMogliTEXT_MinTargetRpm"         text="min заданные обороты"/>
		<text name="gearboxMogliTEXT_MaxTargetRpm"         text="max заданные обороты"/>
		<text name="gearboxMogliTEXT_MatchGears"           text="Согласование скорости (передачи)"/>
		<text name="gearboxMogliTEXT_MatchRanges"          text="Согласование скорости (диапазоны)"/>
		<text name="gearboxMogliTEXT_MATCH_1"              text="не согласовывать"/>
		<text name="gearboxMogliTEXT_MATCH_2"              text="только с первой или последней"/>
		<text name="gearboxMogliTEXT_MATCH_3"              text="автоматическое согласование"/>
		
		<!-- page headers -->
		<text name="gearboxMogliTIP_Settings"              text="Настройки"/>
		<text name="gearboxMogliTIP_Help_1"                text="Справка 1"/>
		<text name="gearboxMogliTIP_Inputs"                text="Сочетание клавиш"/>
		
		<!-- tool tips -->
		<text name="gearboxMogliTIP_SPEEDLIMIT"            text="Ограничение максимальной скорости до текущего значения скорости круиз-контроля"/>
		<text name="gearboxMogliTIP_DIFFLOCKMIDDLE"        text="Привод на четыре колеса или блокировка межосевого дифференциала"/>
		<text name="gearboxMogliTIP_DIFFLOCKFRONT"         text="Блокировка переднего осевого дифференциала; необходимо включить 4wd"/>
		<text name="gearboxMogliTIP_DIFFLOCKBACK"          text="Блокировка заднего осевого дифференциала"/>
		<text name="gearboxMogliTIP_MINRPM"                text="Ручной газ"/>
		<text name="gearboxMogliTIP_FIXEDRATIO"            text="Фиксированное передаточное отношение для бесступенчатых коробок передач"/>
		<text name="gearboxMogliTIP_AUTOCLUTCH2"           text="Если ВКЛ, тогда нет необходимости его выжимать для переключения передачи"/>
		<text name="gearboxMogliTIP_AUTOMATIC"             text="Автоматическое переключение, как у реального автомобиля"/>
		<text name="gearboxMogliTIP_AllAutoMode"           text="Настройка для упрощенного режима; вы можете выбрать, что должно переключаться автоматически"/>
		<text name="gearboxMogliTIP_DrawTargetRpm"         text="Отображать текущие обороты на HUD"/>
		<text name="gearboxMogliTIP_DrawReqPower"          text="Отображать текущую мощность на HUD"/>
		<text name="gearboxMogliTIP_EnableAI"              text="Настройка для наемного работника"/>
		<text name="gearboxMogliTIP_SwapGearRangeKeys"     text="Поменять местами сочетание клавиш для переключения диапазонов с сочетанием клавиш для переключения передач"/>
		<text name="gearboxMogliTIP_GearShifterMode"       text="Этот параметр имеет смысл только с рулевым колесом с рычагом переключения передач"/>
		<text name="gearboxMogliTIP_ShuttleShifterMode"    text="Этот параметр имеет смысл только с рулевым колесом с рычагом переключения передач"/>
		<text name="gearboxMogliTIP_MinTargetRpm"          text="Минимальные заданные обороты"/>
		<text name="gearboxMogliTIP_MaxTargetRpm"          text="Максимальные заданные обороты"/>
		<text name="gearboxMogliTIP_MatchGears"            text="Автоматическая настройка передач при переключении групп"/>
		<text name="gearboxMogliTIP_MatchRanges"           text="Автоматическая настройка диапазонов при переключении передач"/>
		
		<text name="gearboxMogliTEXT_GrindingClutch"       text="Нельзя переключить передачу: сцепление"/>
		<text name="gearboxMogliTEXT_GrindingSpeed"        text="Нельзя переключить передачу: скорость"/>
		<text name="gearboxMogliTEXT_DoubleClutch"         text="Нельзя переключить передачу: обороты"/>
		<text name="gearboxMogliTEXT_Stall1"               text="Слишком низкие обороты"/>
		<text name="gearboxMogliTEXT_Stall2"               text="Двигатель заглох, потому что обороты были очень низкими"/>
		<text name="gearboxMogliTEXT_Stall3"               text="Слишком много мощности отбирается через ВОМ"/>
		<text name="gearboxMogliTEXT_Stall4"               text="Двигатель заглох, потому что слишком много мощности отбиралось через ВОМ"/>
		<text name="gearboxMogliTEXT_ClutchOverheating"    text="Сцепление перегрелось"/>
		
		<!-- texts in the HUD => keep them short -->
		<text name="gearboxMogliDRAW_difflock"             text="Блок.дифф."/>
		<text name="gearboxMogliDRAW_maxSpeed"             text="Max. скорость"/>
		<text name="gearboxMogliDRAW_speed"                text="Скорость"/>
		<text name="gearboxMogliDRAW_currentRpm"           text="Текущие об."/>
		<text name="gearboxMogliDRAW_TargetRpm"            text="Установл. об."/>
		<text name="gearboxMogliDRAW_power"                text="Мощность"/>
		<text name="gearboxMogliDRAW_load"                 text="Нагрузка"/>
		<text name="gearboxMogliDRAW_fuel"                 text="Расход"/>
		<text name="gearboxMogliDRAW_clutch"               text="Сцепление"/>
		<text name="gearboxMogliDRAW_autoClutch"           text="Автосцепление"/>
		<text name="gearboxMogliDRAW_hand"                 text="Ручной газ"/>
		<text name="gearboxMogliDRAW_fixed"                text="Фикс.коэфф."/>
		<text name="gearboxMogliDRAW_combine"              text="Производительн."/>
		<text name="gearboxMogliDRAW_wheelSlip"            text="Пробуксовка колёс"/>
		
		<text name="gearboxMogliUNIT_rpm"                  text="об."/>
		<text name="gearboxMogliUNIT_HP"                   text="л.с."/>
		<text name="gearboxMogliUNIT_kph"                  text="км/ч"/>
		<text name="gearboxMogliUNIT_mph"                  text="миль/ч"/>
		<text name="gearboxMogliUNIT_lph"                  text="л/ч"/>
		<text name="gearboxMogliUNIT_lp100km"              text="л/100км"/>
		<text name="gearboxMogliUNIT_tph"                  text="т/ч"/>
	</texts>
	
	
		<longTexts>
		<longText name="gearboxMogliHelp_1"><![CDATA[
Не каждый трактор имеет бесступенчатую трансмиссию. И даже бесступенчатые трансмиссии не так просты по конструкции, как стандартная в FS17. Этот мод добавляет, на основе файла gearboxAddonConfig.xml, коробку передач ко всем сконфигурированным транспорным средствам. 
Могут быть смоделированы многие виды коробок передач. Существуют классические коробки передач с шестернями, одной или двумя группами, а также реверсивные передачи или группы. 
Когда передаточное число будет уменьшено до 0, это приведет к передаче PowerShift. В современных тракторах PowerShift трансмиссия часто сочетается с автоматическим переключением передач.

Теперь поддерживается бесступенчатые коробки передач. 
Есть модели с одной или двумя передачами, такими как Fendt Vario. 
Другие модели объединяют четыре автоматически переключаемых механических механизма с бесступенчатым гидростатическим приводом. 
Все эти бесступенчатые передачи имеют одну общую черту: эффективность сильно варьируется в зависимости от передаточного отношения.

Существуют дополнительные режимы, такие как AllAuto и ECO. В режиме ECO автомобиль по-прежнему имеет максимальный крутящий момент, но только отдаётся тольк 90% мощности для экономии топлива. В AllAuto коробка передач переключится автоматически.

Наконец, версия 1.3 имеет ручное управление сцеплением с помощью одной кнопки. Эта полуавтоматическая муфта в основном предназначена 
для владельцев рулевого колеса, так как настоящая педаль сцепления в FS17 должным образом не поддерживается.]]></longText>
	</longTexts>
	
</l10n>
