<?xml version="1.0" encoding="utf-8" standalone="no" ?>
<l10n>
	<!-- Note that 'description' is only here for easier translations. It needs to be manually copied to ModDesc.XML later. -->
	<description>
<![CDATA[Mód převodovka:
Přidává do všech vozidel rozšířené ovládání řízení vozidel pomocí převodovky GBMogli]]>
</description>

	<texts>
		<!--GBAddon helpPanel text-->
		<text name="gearboxMogliInputPrefix"           text="GB: "/>
		
		<text name="input_gearboxMogliSHIFTGEARUP"     text="GB: Řazení nahoru"/>
		<text name="input_gearboxMogliSHIFTGEARDOWN"   text="GB: Řazení dolu"/>
		<text name="input_gearboxMogliSHIFTRANGEUP"    text="GB: Řada 1 nahoru"/>
		<text name="input_gearboxMogliSHIFTRANGE2UP"   text="GB: Řada 2 nahoru"/>
		<text name="input_gearboxMogliSHIFTRANGEDOWN"  text="GB: Řada 1 dolu"/>
		<text name="input_gearboxMogliSHIFTRANGE2DOWN" text="GB: Řada 2 dolu"/>
		<text name="input_gearboxMogliNEUTRAL"         text="GB: Neutral"/>
		<text name="input_gearboxMogliOFF"             text="Ruční řazení [vyp.]"/>
		<text name="input_gearboxMogliON"              text="Ruční řazení [zap.]"/>
		<text name="input_gearboxMogliON_OFF"          text="GB: Zap./Vyp."/>
		<text name="input_gearboxMogliHUD"             text="GB: HUD Zap./Vyp."/>
		<text name="input_gearboxMogliAllAuto"         text="GB: Přepínač ovládání"/>
		<text name="input_gearboxMogliAllAutoON"       text="GB [jednoduché]"/>
		<text name="input_gearboxMogliAllAutoOFF"      text="GB [reálné]"/>
		<text name="input_gearboxMogliREVERSE"         text="GB: Zpátečka"/>
		<text name="input_gearboxMogliAUTOCLUTCH2"     text="GB: Automat. spojka"/>
		<text name="input_gearboxMogliCLUTCH"          text="GB: Spojka"/>
		<text name="input_gearboxMogliCLUTCH_1"        text="GB: Spojka zap."/>
		<text name="input_gearboxMogliCLUTCH_2"        text="GB: Spojka vyp."/>
		<text name="input_gearboxMogliCLUTCH_3"        text="GB: Spojka"/>
		<text name="input_gearboxMogliMINRPM"          text="GB: Ruční plyn"/>
		<text name="input_gearboxMogliMINRPM_1"        text="GB: Přidat ruční plyn"/>
		<text name="input_gearboxMogliMINRPM_2"        text="GB: Ubrat ruční plyn"/>
		<text name="input_gearboxMogliGEAR1"           text="GB: G27 1"/>
		<text name="input_gearboxMogliGEAR2"           text="GB: G27 2"/>
		<text name="input_gearboxMogliGEAR3"           text="GB: G27 3"/>
		<text name="input_gearboxMogliGEAR4"           text="GB: G27 4"/>
		<text name="input_gearboxMogliGEAR5"           text="GB: G27 5"/>
		<text name="input_gearboxMogliGEAR6"           text="GB: G27 6"/>
		<text name="input_gearboxMogliGEARR"           text="GB: G27 R"/>
		<text name="input_gearboxMogliGEARFWD"         text="GB: Dopředu"/>
		<text name="input_gearboxMogliGEARBACK"        text="GB: Dozadu"/> 
		<text name="input_gearboxMogliSPEEDLIMIT"      text="GB: Tempomat 1"/>
		<text name="input_gearboxMogliSWAPSPEED"       text="GB: Tempomat 2"/>
		<text name="input_gearboxMogliSETSPEED"        text="GB: Nastav Tempomat"/>
		<text name="input_gearboxMogliACCTOLIMIT"      text="GB: Zrychlení"/>
		<text name="input_gearboxMogliDECTOLIMIT"      text="GB: Zpomalení"/>
		<text name="input_gearboxMogliECO"             text="GB: EKO mod zap./vyp."/>
		<text name="input_gearboxMogliKEEPSPEED"       text="GB: Udrž rychlost"/>
		
		<text name="gearboxMogliTEXT_OFF"        text="Vypnutý motor"/>
		<text name="gearboxMogliTEXT_AI"         text="AI"/>
		<text name="gearboxMogliTEXT_CP"         text="CP"/>
		<text name="gearboxMogliTEXT_BRAKE"      text="Ruční brzda"/>
		<text name="gearboxMogliTEXT_DC"         text="Meziplyn"/>
		<text name="gearboxMogliTEXT_NEUTRAL"    text="Neutrál"/>
		<text name="gearboxMogliTEXT_AUTO"       text="Automat"/>
		<text name="gearboxMogliTEXT_MANUAL"     text="Manuál"/>
		<text name="gearboxMogliTEXT_NOGEAR"     text="Nezařazeno"/>
		<text name="gearboxMogliTEXT_VARIO"      text="CVT"/>
		<text name="gearboxMogliTEXT_ALLAUTO"    text="Zjednodušené ovládání"/>
		<text name="gearboxMogliTEXT_ECO"        text="Eko mod"/>
		<text name="gearboxMogliTEXT_AUTO_HOLD"  text="Autobrzda"/>
		                                                 
		<text name="gearboxMogliTEXT_DISABLED"           text="off"/>
		<text name="gearboxMogliTEXT_ENABLED"            text="on"/>
		<text name="gearboxMogliTEXT_POWERSHIFT"         text="auto power shift"/>
		<text name="gearboxMogliTEXT_N_A"                text="n/a"/>
		
		<text name="gearboxMogliTEXT_DrawTargetRpm"      text="show target RPM"/>
		<text name="gearboxMogliTEXT_DrawReqPower"       text="show power"/>
		<text name="gearboxMogliTEXT_EnableAI"           text="hired worker"/>
		<text name="gearboxMogliTEXT_SwapGearRangeKeys"  text="swap gears and range 1"/>
		<text name="gearboxMogliTEXT_GearShifterMode"    text="G27 and gears"/>
		<text name="gearboxMogliTEXT_ShuttleShifterMode" text="for-/backwards buttons"/>
		 
		<text name="gearboxMogliTEXT_AllAutoMode"        text="settings simplified"/>
		<text name="gearboxMogliTEXT_AllAutoMode_0"      text="sequential"/>
		<text name="gearboxMogliTEXT_AllAutoMode_1"      text="gears"/>
		<text name="gearboxMogliTEXT_AllAutoMode_2"      text="range 1"/>
		<text name="gearboxMogliTEXT_AllAutoMode_3"      text="gears and range 1"/>
		<text name="gearboxMogliTEXT_AllAutoMode_4"      text="range 2"/>
		<text name="gearboxMogliTEXT_AllAutoMode_5"      text="gears and range 2"/>
		<text name="gearboxMogliTEXT_AllAutoMode_6"      text="ranges 1 and 2"/>
		<text name="gearboxMogliTEXT_AllAutoMode_7"      text="gears, ranges 1 and 2"/>
		
		<text name="gearboxMogliTEXT_DiffLock_2wd"       text="2wd"/>
		<text name="gearboxMogliTEXT_DiffLock_4wd"       text="4wd"/>
		<text name="gearboxMogliTEXT_DiffLock_open"      text="open"/>
		<text name="gearboxMogliTEXT_DiffLock_lsd"       text="limited slip"/>
		<text name="gearboxMogliTEXT_DiffLock_auto"      text="automatic"/>
		<text name="gearboxMogliTEXT_DiffLock_fixed"     text="fixed ratio"/>
		<text name="gearboxMogliTEXT_DiffLock_locked"    text="locked"/>
		
		<text name="gearboxMogliTEXT_GearShifter_both"   text="keys and G27"/>
		<text name="gearboxMogliTEXT_GearShifter_key"    text="keys"/>
		<text name="gearboxMogliTEXT_GearShifter_G27"    text="G27"/>
		
		<text name="gearboxMogliTEXT_Shuttle_both"       text="toggle and separate"/>
		<text name="gearboxMogliTEXT_Shuttle_toggle"     text="toggle button"/>
		<text name="gearboxMogliTEXT_Shuttle_back_fwd"   text="separate buttons"/>
		
		<!-- texts in the HUD => keep them short -->
		<text name="gearboxMogliDRAW_difflock"           text="Diff.Lock"/>
		<text name="gearboxMogliDRAW_maxSpeed"           text="Max. speed"/>
		<text name="gearboxMogliDRAW_speed"              text="Speed"/>
		<text name="gearboxMogliDRAW_currentRpm"         text="Current rpm"/>
		<text name="gearboxMogliDRAW_TargetRpm"          text="Target rpm"/>
		<text name="gearboxMogliDRAW_power"              text="Power"/>
		<text name="gearboxMogliDRAW_load"               text="Load"/>
		<text name="gearboxMogliDRAW_fuel"               text="Fuel used"/>
		<text name="gearboxMogliDRAW_clutch"             text="Clutch"/>
		<text name="gearboxMogliDRAW_autoClutch"         text="Auto clutch"/>
		<text name="gearboxMogliDRAW_hand"               text="Hand throttle"/>
		<text name="gearboxMogliDRAW_fixed"              text="Fixed ratio"/>
		<text name="gearboxMogliDRAW_combine"            text="Combine"/>
		<text name="gearboxMogliDRAW_wheelSlip"          text="Wheel slip"/>
		
		<text name="gearboxMogliUNIT_rpm"                text="RPM"/>		
		<text name="gearboxMogliUNIT_HP"                 text="CV"/>		
		<text name="gearboxMogliUNIT_kph"                text="km/h"/>		
		<text name="gearboxMogliUNIT_mph"                text="mph"/>		
	</texts>
</l10n>
