<?xml version="1.0" encoding="utf-8" standalone="no" ?>
<l10n>
	<!-- Note that 'description' is only here for easier translations. It needs to be manually copied to ModDesc.XML later. -->
	<description>
<![CDATA[Trasmissione:
Aggiunge la specializzazione gearboxMogli a tutti i veicoli configurati]]>
</description>

	<texts>
		<!--GearboxAddon helpPanel text-->
		<text name="input_gearboxMogliSHIFTGEARUP"       text="Cambio: marcia su"/>
		<text name="input_gearboxMogliSHIFTGEARDOWN"     text="Cambio: marcia giù"/>
		<text name="input_gearboxMogliSHIFTGEARTOGGLE"   text="Cambio: cambia marcia"/>
		<text name="input_gearboxMogliSHIFTRANGEUP"      text="Cambio: gruppo su"/>
		<text name="input_gearboxMogliSHIFTRANGE2UP"     text="Cambio: gruppo 2 su"/>
		<text name="input_gearboxMogliSHIFTRANGEDOWN"    text="Cambio: gruppo giù"/>
		<text name="input_gearboxMogliSHIFTRANGE2DOWN"   text="Cambio: gruppo 2 giù"/>
		<text name="input_gearboxMogliSHIFTRANGETOGGLE"  text="Cambio: cambia gruppo"/>
		<text name="input_gearboxMogliSHIFTRANGE2TOGGLE" text="Cambio: cambia gruppo 2"/>
		<text name="input_gearboxMogliNEUTRAL"           text="Cambio: folle"/>
		<text name="input_gearboxMogliAUTOMATIC"         text="Cambio: automatico"/>
		<text name="input_gearboxMogliOFF"               text="Cambio manuale: [disattivo]"/>
		<text name="input_gearboxMogliON"                text="Cambio manuale: [attivo]"/>
		<text name="input_gearboxMogliON_OFF"            text="Cambio: attivo/disattivo"/>
		<text name="input_gearboxMogliSETTINGS"          text="Cambio: impostazioni"/>
		<text name="input_gearboxMogliHUD"               text="Cambio: HUD attivo/disattivo"/>
		<text name="input_gearboxMogliAllAuto"           text="Cambio: realtà attivo/disattivo"/>
		<text name="input_gearboxMogliAllAutoON"         text="Cambio: [semplificato]"/>
		<text name="input_gearboxMogliAllAutoOFF"        text="Cambio: [realistico]"/>
		<text name="input_gearboxMogliREVERSE"           text="Cambio: frizione automatica"/>
		<text name="input_gearboxMogliHANDBRAKE"         text="Cambio: retromarcia"/>
		<text name="input_gearboxMogliAUTOCLUTCH2"       text="Cambio: freno a mano"/>
		<text name="input_gearboxMogliCLUTCH"            text="Cambio: frizione"/>
		<text name="input_gearboxMogliCLUTCH_1"          text="Cambio: frizione aperta"/>
		<text name="input_gearboxMogliCLUTCH_2"          text="Cambio: frizione chiusa"/>
		<text name="input_gearboxMogliCLUTCH_3"          text="Cambio: frizione"/>
		<text name="input_gearboxMogliMINRPM"            text="Cambio: accelleratore a mano"/>
		<text name="input_gearboxMogliMINRPM_1"          text="Cambio: accelleratore a mano giù"/>
		<text name="input_gearboxMogliMINRPM_2"          text="Cambio: accelleratore a mano su"/>
		<text name="input_gearboxMogliFIXEDRATIO"        text="Cambio: rapporto fisso"/>
		<text name="input_gearboxMogliFIXEDRATIO_1"      text="Cambio: rapporto fisso giù"/>
		<text name="input_gearboxMogliFIXEDRATIO_2"      text="Cambio: rapporto fisso sù"/>
		<text name="input_gearboxMogliGEAR1"             text="Cambio: G27 1"/>
		<text name="input_gearboxMogliGEAR2"             text="Cambio: G27 2"/>
		<text name="input_gearboxMogliGEAR3"             text="Cambio: G27 3"/>
		<text name="input_gearboxMogliGEAR4"             text="Cambio: G27 4"/>
		<text name="input_gearboxMogliGEAR5"             text="Cambio: G27 5"/>
		<text name="input_gearboxMogliGEAR6"             text="Cambio: G27 6"/>
		<text name="input_gearboxMogliGEARR"             text="Cambio: G27 R"/>
		<text name="input_gearboxMogliGEARFWD"           text="Cambio: avanti"/>
		<text name="input_gearboxMogliGEARBACK"          text="Cambio: indietro"/>
		<text name="input_gearboxMogliSPEEDLIMIT"        text="Cambio: limitatore"/>
		<text name="input_gearboxMogliSWAPSPEED"         text="Cambio: limitatore 2"/>
		<text name="input_gearboxMogliSWAPSPEEDR"        text="Cambio: limitatore precedente"/>
		<text name="input_gearboxMogliSETSPEED"          text="Cambio: imposta limite"/>
		<text name="input_gearboxMogliACCTOLIMIT"        text="Cambio: accellera"/>
		<text name="input_gearboxMogliDECTOLIMIT"        text="Cambio: decellera"/>
		<text name="input_gearboxMogliECO"               text="Cambio: Eco attivo/disattivo"/>
		<text name="input_gearboxMogliKEEPSPEED"         text="Cambio: mantieni la velocità"/>
		<text name="input_gearboxMogliKEEPSPEEDTOGGLE"   text="Cambio: mantieni la velocità"/>
		<text name="input_gearboxMogliDIFFLOCKMIDDLE"    text="Cambio: 4wd"/>
		<text name="input_gearboxMogliDIFFLOCKFRONT"     text="Cambio: blocca diff.ant"/>
		<text name="input_gearboxMogliDIFFLOCKBACK"      text="Cambio: blocca diff.post"/>
		<text name="gearboxMogliTEXT_OFF"                text="Motore: spento"/>
		<text name="gearboxMogliTEXT_AI"                 text="Operaio"/>
		<text name="gearboxMogliTEXT_BRAKE"              text="Freno a mano"/>
		<text name="gearboxMogliTEXT_DC"                 text="Doppia frizione"/>
		<text name="gearboxMogliTEXT_NEUTRAL"            text="Folle"/>
		<text name="gearboxMogliTEXT_AUTO"               text="Automatico"/>
		<text name="gearboxMogliTEXT_MANUAL"             text="Manuale"/>
		<text name="gearboxMogliTEXT_NOGEAR"             text="Senza marce"/>
		<text name="gearboxMogliTEXT_VARIO"              text="Variatore"/>
		<text name="gearboxMogliTEXT_ALLAUTO"            text="Semplificato"/>
		<text name="gearboxMogliTEXT_ECO"                text="Eco"/>
		<text name="gearboxMogliTEXT_AUTO_HOLD"          text="Parcheggio"/>
		
	</texts>
</l10n>
