<?xml version="1.0" encoding="utf-8" standalone="no" ?>
<modDesc descVersion="32">
	<author>Mogli aka Biedens</author>
	<iconFilename>dds/store.dds</iconFilename>
	<version>1.9.5.1</version>
	<multiplayer supported="true"/>
	
	<l10n filenamePrefix="modDesc_l10n">
		<text name="gearboxMogliVERSION">
			 <de>Getriebe v1.9.5.1 von Mogli</de>
				<en>Gearbox v1.9.5.1 by mogli</en>
				 <it>Cambio v1.9.5.1 by mogli</it>
	 <fr>Transmission v1.9.5.1 by mogli</fr>
				 <cz>Řazení v1.9.5.1 by mogli</cz>
<pl>Skrzynia biegów v1.9.5.1 by mogli</pl>
		</text>                  
  </l10n>

	<title>
		<en>Gearbox AddOn</en>
		<de>Getriebe AddOn</de>
		<it>Cambio AddOn</it>
		<es>Cambio AddOn</es>
		<fr>Transmission AddOn</fr>
		<ru>gearboxMogli</ru>
		<cz>Řazení AddOn</cz>
		<pl>Skrzynia biegów</pl>
	</title>
	<description>
		<en><![CDATA[
Not every tractor has a continuously variable transmission. 
And even the continuously variable transmissions are not as simple in construction as the standard one in farming simulator. 
This script adds on the basis of the file gearboxAddonConfig.xml a gearbox to all configured tractors. 
Many various transmission kinds can be simulated. There are classic gearboxes with gears, one or two groups and reverse gears or groups. 
Shorting the response time to zero will result into a power shift transmission. 
In modern tractors power shift transmissions are often combined with automatic gear shifting. Another transmission type is the continuously variable transmissions. 
There are models with one or two gears like the Fendt Vario. 
Other models combine four automatically switched mechanical gears with a continuously variable hydrostatic drive. 
All of these continuously variable transmission have one thing in common. The efficiency varies quite strongly depending on the gear ratio.
]]></en>
		<de><![CDATA[
Nicht jeder Traktor hat ein stufenloses Getriebe. 
Und selbst die stufenlosen Getriebe sind nicht so einfach aufgebaut wie das LS15 Standardgetriebe. 
Dieses Script fügt vielen Fahrzeugen nachträglich eine Gangschaltung hinzu. 
Dabei können ganz unterschiedliche Getriebe simuliert werden. 
Es gibt klassische Getriebe mit Gängen, ein oder zwei Gruppen und den Rückwärtsgängen als Gang, in der ersten oder zweiten Gruppe oder als Wendeschaltung. 
Wenn man die Schaltzeit auf null verkürzt, dann wird daraus leicht ein Lastschaltgetriebe. 
In modernen Traktoren werden die Lastschaltstufen dann oft auch automatisch geschaltet.]]></de>
		<it>
		<it><![CDATA[
Non tutti i trattore hanno una trasmissione a variazione continua.
E anche le trasmissioni a variazione continua non sono di costruzione semplice come quella standard di Farming Simulator.
Questo script aggiunge sulla base del file gearboxAddonConfig.xml un riduttore a tutti i trattori configurati.
Molti diversi tipi di trasmissione possono essere simulati. Ci sono riduttori classici con ingranaggi, uno o due gruppi e ingranaggi o gruppi di retromarcia.
Riducendo il tempo di risposta a zero si tradurrà in una trasmissione power shift.
In trattori moderni cambi power-shift sono spesso combinati con cambio automatico della trasmissione. Un altro tipo di trasmissione è la trasmissione a variazione continua.
Ci sono modelli con una o due marce, come il Fendt Vario.
Altri modelli combinano quattro commutata automaticamente ingranaggi meccanici con una trasmissione idrostatica a variazione continua.
Tutti questi trasmissione a variazione continua hanno una cosa in comune. L'efficienza varia piuttosto fortemente a seconda del rapporto di trasmissione.
]]></it>
		</it>
		<fr><![CDATA[
Chaque tracteur n'a pas de transmission variable en continu.
Et même les transmissions à variation continue ne sont pas aussi simples en construction que la norme en simulateur d'élevage.
Ce script ajoute sur la base du fichier gearboxAddonConfig.xml une boîte de vitesses à tous les tracteurs configurés.
De nombreux types de transmission différents peuvent être simulés. Il existe des boîtes de vitesses classiques avec engrenages, un ou deux groupes et inverser les vitesses ou les groupes.
Le fait de court-circuiter le temps de réponse à zéro entraînera une transmission de puissance.
Dans les tracteurs modernes, les transmissions à changement de vitesse sont souvent associées à un changement automatique de vitesses. Un autre type de transmission est la transmission à variation continue.
Il existe des modèles avec une ou deux vitesses comme le Fendt Vario.
D'autres modèles combinent quatre engrenages mécaniques automatiquement commutés avec un entraînement hydrostatique continuellement variable.
Toutes ces transmissions continuellement variables ont une chose en commun. Le rendement varie fortement selon le rapport de démultiplication.
]]></fr>
		<es><![CDATA[Descripción:
Cambio Manual/automático para FS17 por Mogli]]></es>
<ru><![CDATA[Коробка передач:
gearboxMogli. Добавляет сконфигурированные специализации всем транспортным средствам]]></ru>
<cz><![CDATA[
Každý traktor nemá zjednodušené ovládání jako stroje ve Farming simulátoru. Tento mod přidává do každého stroje reálnější simulaci řazení převodových stupnů.
Od manuálního řazení se spojkou a meziplynem, přes různe řady násobičů a redukcí, přes plně automatickou převodovku až po bezestupňové řazení (CVT).
Vše se odvíjí od nastavení každého stroje zvlášť v  souboru gearboxAddonConfig.xml. Mód podporuje volanty se spojkou i řadící pákou, což stupňuje požitek ze hry.]]></cz>
<pl><![CDATA[Skrzynia biegów:
Dodaje specjalizację 'gearboxMogli' do wszystkich skonfigurowanych pojazdów.]]></pl>
	</description>

	<inputBindings>
		<input name="gearboxMogliSHIFTGEARUP" 	  key1="KEY_leftbracket"             button="BUTTON_3"  category="VEHICLE" />
		<input name="gearboxMogliSHIFTGEARDOWN"   key1="KEY_quote"                   button="BUTTON_4"  category="VEHICLE" />
		<input name="gearboxMogliSHIFTRANGEUP"    key1="KEY_rightbracket"                               category="VEHICLE" />
		<input name="gearboxMogliSHIFTRANGEDOWN"  key1="KEY_backslash"                                  category="VEHICLE" />
		<input name="gearboxMogliNEUTRAL"      	  key1="KEY_semicolon"                                  category="VEHICLE" />
		<input name="gearboxMogliON_OFF"      	  key1="KEY_rshift KEY_semicolon"                       category="VEHICLE" />
		<input name="gearboxMogliHUD" 		     	  key1="KEY_slash" 					     			                  category="VEHICLE" />
		<input name="gearboxMogliAllAuto"      	  key1="KEY_rshift KEY_slash" 		                      category="VEHICLE" />
		<input name="gearboxMogliREVERSE" 		    key1="KEY_space"                   button="BUTTON_2"  category="VEHICLE" />
		<input name="gearboxMogliECO" 	    			key1="KEY_rshift KEY_space"  			                    category="VEHICLE" />
		<input name="gearboxMogliKEEPSPEED" 	 		key1="KEY_delete"                                     category="VEHICLE" />
		<input name="gearboxMogliAUTOCLUTCH2"     key1="KEY_rshift KEY_period"  		                    category="VEHICLE" />
		<input name="gearboxMogliSHIFTRANGE2UP"   key1="KEY_rshift KEY_rightbracket"                    category="VEHICLE" />
		<input name="gearboxMogliSHIFTRANGE2DOWN" key1="KEY_rshift KEY_backslash"                       category="VEHICLE" />
    <input name="gearboxMogliGEAR1"                                              button="BUTTON_9"  category="VEHICLE" />
    <input name="gearboxMogliGEAR2"                                              button="BUTTON_10" category="VEHICLE" />
    <input name="gearboxMogliGEAR3"                                              button="BUTTON_11" category="VEHICLE" />
    <input name="gearboxMogliGEAR4"                                              button="BUTTON_12" category="VEHICLE" />
    <input name="gearboxMogliGEAR5"                                              button="BUTTON_13" category="VEHICLE" />
    <input name="gearboxMogliGEAR6"                                              button="BUTTON_14" category="VEHICLE" />
    <input name="gearboxMogliGEARR"                                              button="BUTTON_15" category="VEHICLE" />
		<input name="gearboxMogliGEARFWD"                                                               category="VEHICLE" />
		<input name="gearboxMogliGEARBACK"                                                              category="VEHICLE" />
		<input name="gearboxMogliSPEEDLIMIT"      key1="KEY_rshift KEY_3"                               category="VEHICLE" />
		<input name="gearboxMogliSWAPSPEED"       key1="KEY_4"                                          category="VEHICLE" />
		<input name="gearboxMogliSETSPEED"        key1="KEY_rshift KEY_4"                               category="VEHICLE" />
		<input name="gearboxMogliACCTOLIMIT" 	    key1="KEY_rshift KEY_leftbracket"                     category="VEHICLE" />
		<input name="gearboxMogliDECTOLIMIT"      key1="KEY_rshift KEY_quote"                           category="VEHICLE" />
		<input name="gearboxMogliCONFLICT_1"      key1="KEY_lshift KEY_4" 	                            category="VEHICLE" />
		<input name="gearboxMogliCONFLICT_2"      key1="KEY_lctrl KEY_4"	                              category="VEHICLE" />
		<input name="gearboxMogliCONFLICT_3"      key1="KEY_lshift KEY_space"                           category="VEHICLE" />
		<input name="gearboxMogliCONFLICT_4"      key1="KEY_lctrl KEY_space"	                          category="VEHICLE" />
    <input name="gearboxMogliCLUTCH_3"				key1="KEY_period"                                     category="VEHICLE" />
    <axis name="gearboxMogliCLUTCH"                                    axis="AXIS_6" invert="false" category="VEHICLE" />
    <axis name="gearboxMogliMINRPM" key1="KEY_equals" key2="KEY_minus" axis="AXIS_8" invert="false" category="VEHICLE" />
	</inputBindings>

	<extraSourceFiles>
		<sourceFile filename="register.lua" />
	</extraSourceFiles>
</modDesc>
