<?xml version="1.0" encoding="utf-8" standalone="no" ?>
<l10n>
	<!-- Note that 'description' is only here for easier translations. It needs to be manually copied to ModDesc.XML later. -->
	<description>
<![CDATA[Getriebe:
Fügt allen konfigurierten Fahrzeugen die Spezialisierung mrGearboxMogli hinzu]]>
</description>

	<texts>
		<!--GearboxAddon helpPanel text-->
		<text name="input_mrGearboxMogliSHIFTGEARUP"     text="Gearbox: Gear up"/>
		<text name="input_mrGearboxMogliSHIFTGEARDOWN"   text="Gearbox: Gear down"/>
		<text name="input_mrGearboxMogliSHIFTRANGEUP"    text="Gearbox: Range up"/>
		<text name="input_mrGearboxMogliSHIFTRANGE2UP"   text="Gearbox: Range 2 up"/>
		<text name="input_mrGearboxMogliSHIFTRANGEDOWN"  text="Gearbox: Range down"/>
		<text name="input_mrGearboxMogliSHIFTRANGE2DOWN" text="Gearbox: Range 2 down"/>
		<text name="input_mrGearboxMogliNEUTRAL"         text="Gearbox: Neutral"/>
		<text name="input_mrGearboxMogliOFF"             text="manual gearbox [off]"/>
		<text name="input_mrGearboxMogliON"              text="manual gearbox [on]"/>
		<text name="input_mrGearboxMogliON_OFF"          text="Gearbox: On/Off"/>
		<text name="input_mrGearboxMogliHUD"             text="Gearbox: HUD on/off"/>
		<text name="input_mrGearboxMogliAllAuto"         text="Gearbox: reality switch"/>
		<text name="input_mrGearboxMogliAllAutoON"       text="Gearbox [simplified]"/>
		<text name="input_mrGearboxMogliAllAutoOFF"      text="Gearbox [realistic]"/>
		<text name="input_mrGearboxMogliREVERSE"         text="Gearbox: Reverse"/>
		<text name="input_mrGearboxMogliAUTOCLUTCH2"     text="Gearbox: auto clutch"/>
		<text name="input_mrGearboxMogliCLUTCH"          text="Gearbox: clutch"/>
		<text name="input_mrGearboxMogliCLUTCH_1"        text="Gearbox: clutch open"/>
		<text name="input_mrGearboxMogliCLUTCH_2"        text="Gearbox: clutch close"/>
		<text name="input_mrGearboxMogliCLUTCH_3"        text="Gearbox: clutch"/>
		<text name="input_mrGearboxMogliMINRPM"          text="Gearbox: hand throttle"/>
		<text name="input_mrGearboxMogliMINRPM_1"        text="Gearbox: hand throttle down"/>
		<text name="input_mrGearboxMogliMINRPM_2"        text="Gearbox: hand throttle up"/>
		<text name="input_mrGearboxMogliGEAR1"           text="Gearbox: G27 1"/>
		<text name="input_mrGearboxMogliGEAR2"           text="Gearbox: G27 2"/>
		<text name="input_mrGearboxMogliGEAR3"           text="Gearbox: G27 3"/>
		<text name="input_mrGearboxMogliGEAR4"           text="Gearbox: G27 4"/>
		<text name="input_mrGearboxMogliGEAR5"           text="Gearbox: G27 5"/>
		<text name="input_mrGearboxMogliGEAR6"           text="Gearbox: G27 6"/>
		<text name="input_mrGearboxMogliGEARR"           text="Gearbox: G27 R"/>
		<text name="input_mrGearboxMogliGEARFWD"         text="Gearbox: fwd"/>
		<text name="input_mrGearboxMogliGEARBACK"        text="Gearbox: back"/> 
		<text name="input_mrGearboxMogliSPEEDLIMIT"      text="Gearbox: limiter"/>
		<text name="input_mrGearboxMogliSWAPSPEED"       text="Gearbox: limiter 2"/>
		<text name="input_mrGearboxMogliSETSPEED"        text="Gearbox: set limit"/>
		<text name="input_mrGearboxMogliACCTOLIMIT"      text="Gearbox: acceleration"/>
		<text name="input_mrGearboxMogliDECTOLIMIT"      text="Gearbox: deceleration"/>
		<text name="input_mrGearboxMogliECO"             text="Gearbox: eco on/off"/>
		<text name="input_mrGearboxMogliKEEPSPEED"       text="Gearbox: keep speed"/>
		<text name="mrGearboxMogliTEXT_OFF"        text="motor off"/>
		<text name="mrGearboxMogliTEXT_AI"         text="AI"/>
		<text name="mrGearboxMogliTEXT_BRAKE"      text="handbrake"/>
		<text name="mrGearboxMogliTEXT_DC"         text="double clutch"/>
		<text name="mrGearboxMogliTEXT_NEUTRAL"    text="neutral"/>
		<text name="mrGearboxMogliTEXT_AUTO"       text="automatic"/>
		<text name="mrGearboxMogliTEXT_MANUAL"     text="manual"/>
		<text name="mrGearboxMogliTEXT_NOGEAR"     text="no gear"/>
		<text name="mrGearboxMogliTEXT_VARIO"      text="CVT"/>
		<text name="mrGearboxMogliTEXT_ALLAUTO"    text="simple"/>
		<text name="mrGearboxMogliTEXT_ECO"        text="eco"/>
		<text name="mrGearboxMogliTEXT_AUTO_HOLD"  text="auto hold"/>
	</texts>
</l10n>
