<?xml version="1.0" encoding="utf-8" standalone="no" ?>
<l10n>
	<!-- Note that 'description' is only here for easier translations. It needs to be manually copied to ModDesc.XML later. -->
	<description>
<![CDATA[Getriebe:
Fügt allen konfigurierten Fahrzeugen die Spezialisierung mrGearboxMogli hinzu]]>
</description>

	<texts>
		<!--GearboxAddon helpPanel text-->
		<text name="mrGearboxMogliSHIFTGEARUP"     text="Getriebe: Gang hoch"/>
		<text name="mrGearboxMogliSHIFTGEARDOWN"   text="Getriebe: Gang runter"/>
		<text name="mrGearboxMogliSHIFTRANGEUP"    text="Getriebe: Gruppe hoch"/>
		<text name="mrGearboxMogliSHIFTRANGE2UP"   text="Getriebe: Gruppe 2 hoch"/>
		<text name="mrGearboxMogliSHIFTRANGEDOWN"  text="Getriebe: Gruppe runter"/>
		<text name="mrGearboxMogliSHIFTRANGE2DOWN" text="Getriebe: Gruppe 2 runter"/>
		<text name="mrGearboxMogliNEUTRAL"         text="Getriebe: Neutral"/>
		<text name="mrGearboxMogliOFF"             text="Manuelles Getriebe [aus]"/>
		<text name="mrGearboxMogliON"              text="Manuelles Getriebe [an]"/>
		<text name="mrGearboxMogliON_OFF"          text="Getriebe: An/Aus"/>
		<text name="mrGearboxMogliHUD"             text="Getriebe: HUD an/aus"/>
		<text name="mrGearboxMogliAllAuto"         text="Getriebe: Realismus-Schalter"/>
		<text name="mrGearboxMogliAllAutoON"       text="Getriebe [einfach]"/>
		<text name="mrGearboxMogliAllAutoOFF"      text="Getriebe [realistisch]"/>
		<text name="mrGearboxMogliREVERSE"         text="Getriebe: Rückwärts"/>
		<text name="mrGearboxMogliAUTOCLUTCH2"     text="Getriebe: Autom.Kupplung"/>
		<text name="mrGearboxMogliCLUTCH"          text="Getriebe: Kupplung"/>
		<text name="mrGearboxMogliCLUTCH_1"        text="Getriebe: Kupplung öffnen"/>
		<text name="mrGearboxMogliCLUTCH_2"        text="Getriebe: Kupplung schliessen"/>
		<text name="mrGearboxMogliCLUTCH_3"        text="Getriebe: Kupplung"/>
		<text name="mrGearboxMogliMINRPM"          text="Getriebe: Handgas"/>
		<text name="mrGearboxMogliMINRPM_1"        text="Getriebe: Handgas runter"/>
		<text name="mrGearboxMogliMINRPM_2"        text="Getriebe: Handgas rauf"/>
		<text name="mrGearboxMogliGEAR1"           text="Getriebe: G27 1"/>
		<text name="mrGearboxMogliGEAR2"           text="Getriebe: G27 2"/>
		<text name="mrGearboxMogliGEAR3"           text="Getriebe: G27 3"/>
		<text name="mrGearboxMogliGEAR4"           text="Getriebe: G27 4"/>
		<text name="mrGearboxMogliGEAR5"           text="Getriebe: G27 5"/>
		<text name="mrGearboxMogliGEAR6"           text="Getriebe: G27 6"/>
		<text name="mrGearboxMogliGEARR"           text="Getriebe: G27 R"/>
		<text name="mrGearboxMogliGEARFWD"         text="Getriebe: forwärts"/> 
		<text name="mrGearboxMogliGEARBACK"        text="Getriebe: rückwärts"/>
		<text name="mrGearboxMogliSPEEDLIMIT"      text="Getriebe: Begrenzer"/>
		<text name="mrGearboxMogliSWAPSPEED"       text="Getriebe: Tempomat 2"/>
		<text name="mrGearboxMogliSETSPEED"        text="Getriebe: Setze Begrenzer"/>
		<text name="mrGearboxMogliACCTOLIMIT"      text="Getriebe: Beschleunigung"/>
		<text name="mrGearboxMogliDECTOLIMIT"      text="Getriebe: Bremsen"/>
		<text name="mrGearboxMogliECO"             text="Getriebe: Eco an/aus"/>
		<text name="mrGearboxMogliKEEPSPEED"       text="Getriebe: Geschwindigkeit halten"/>
		<text name="mrGearboxMogliTEXT_OFF"        text="Motor aus"/>
		<text name="mrGearboxMogliTEXT_AI"         text="Helfer"/>
		<text name="mrGearboxMogliTEXT_BRAKE"      text="Handbremse"/>
		<text name="mrGearboxMogliTEXT_DC"         text="Zwischengas"/>
		<text name="mrGearboxMogliTEXT_NEUTRAL"    text="Neutral"/>
		<text name="mrGearboxMogliTEXT_AUTO"       text="Automatik"/>
		<text name="mrGearboxMogliTEXT_MANUAL"     text="Manuell"/>
		<text name="mrGearboxMogliTEXT_NOGEAR"     text="Kein Gang"/>
		<text name="mrGearboxMogliTEXT_VARIO"      text="Stufenlos"/>
		<text name="mrGearboxMogliTEXT_ALLAUTO"    text="Vereinfacht"/>
		<text name="mrGearboxMogliTEXT_ECO"        text="Eco"/>
		<text name="mrGearboxMogliTEXT_AUTO_HOLD"  text="Auto Hold"/>
	</texts>
</l10n>
