<?xml version="1.0" encoding="utf-8" standalone="no" ?>
<l10n>
	<!-- Note that 'description' is only here for easier translations. It needs to be manually copied to ModDesc.XML later. -->
	<description>
<![CDATA[Cambio]]>
</description>

	<texts>
		<!--GearboxAddon helpPanel text-->
		<text name="input_mrGearboxMogliSHIFTGEARUP"     text="Cambio: marcia su"/>
		<text name="input_mrGearboxMogliSHIFTGEARDOWN"   text="Cambio: marcia giù"/>
		<text name="input_mrGearboxMogliSHIFTRANGEUP"    text="Cambio: gruppo su"/>
		<text name="input_mrGearboxMogliSHIFTRANGE2UP"   text="Cambio: gruppo 2 su"/>
		<text name="input_mrGearboxMogliSHIFTRANGEDOWN"  text="Cambio: gruppo giù"/>
		<text name="input_mrGearboxMogliSHIFTRANGE2DOWN" text="Cambio: gruppo 2 giù"/>
		<text name="input_mrGearboxMogliNEUTRAL"         text="Cambio: folle"/>
		<text name="input_mrGearboxMogliOFF"             text="Cambio manuale: [disattivo]"/>
		<text name="input_mrGearboxMogliON"              text="Cambio manuale: [attivo]"/>
		<text name="input_mrGearboxMogliON_OFF"          text="Cambio: attivo/disattivo"/>
		<text name="input_mrGearboxMogliHUD"             text="Cambio: HUD attivo/disattivo"/>
		<text name="input_mrGearboxMogliAllAuto"         text="Cambio: realtà attivo/disattivo"/>
		<text name="input_mrGearboxMogliAllAutoON"       text="Cambio: [semplificato]"/>
		<text name="input_mrGearboxMogliAllAutoOFF"      text="Cambio: [realistico]"/>
		<text name="input_mrGearboxMogliREVERSE"         text="Cambio: retromarcia"/>
		<text name="input_mrGearboxMogliAUTOCLUTCH2"     text="Cambio: frizione automatica"/>
		<text name="input_mrGearboxMogliCLUTCH"          text="Cambio: frizione"/>
		<text name="input_mrGearboxMogliCLUTCH_1"        text="Cambio: frizione aperta"/>
		<text name="input_mrGearboxMogliCLUTCH_2"        text="Cambio: frizione chiusa"/>
		<text name="input_mrGearboxMogliCLUTCH_3"        text="Cambio: frizione"/>
		<text name="input_mrGearboxMogliMINRPM"          text="Cambio: accelleratore a mano"/>
		<text name="input_mrGearboxMogliMINRPM_1"        text="Cambio: accelleratore a mano giù"/>
		<text name="input_mrGearboxMogliMINRPM_2"        text="Cambio: accelleratore a mano su"/>
		<text name="input_mrGearboxMogliGEAR1"           text="Cambio: G27 1"/>
		<text name="input_mrGearboxMogliGEAR2"           text="Cambio: G27 2"/>
		<text name="input_mrGearboxMogliGEAR3"           text="Cambio: G27 3"/>
		<text name="input_mrGearboxMogliGEAR4"           text="Cambio: G27 4"/>
		<text name="input_mrGearboxMogliGEAR5"           text="Cambio: G27 5"/>
		<text name="input_mrGearboxMogliGEAR6"           text="Cambio: G27 6"/>
		<text name="input_mrGearboxMogliGEARR"           text="Cambio: G27 R"/>
		<text name="input_mrGearboxMogliGEARFWD"         text="Cambio: avanti"/> 
		<text name="input_mrGearboxMogliGEARBACK"        text="Cambio: indietro"/>
		<text name="input_mrGearboxMogliSPEEDLIMIT"      text="Cambio: limitatore"/>
		<text name="input_mrGearboxMogliSWAPSPEED"       text="Cambio: limitatore 2"/>
		<text name="input_mrGearboxMogliSETSPEED"        text="Cambio: imposta limite"/>
		<text name="input_mrGearboxMogliACCTOLIMIT"      text="Cambio: accellera"/>
		<text name="input_mrGearboxMogliDECTOLIMIT"      text="Cambio: decellera"/>
		<text name="input_mrGearboxMogliECO"             text="Cambio: Eco attivo/disattivo"/>
		<text name="input_mrGearboxMogliKEEPSPEED"       text="Cambio: mantieni la velocità"/>
		<text name="mrGearboxMogliTEXT_OFF"        text="Motore: spento"/>
		<text name="mrGearboxMogliTEXT_AI"         text="Operaio"/>
		<text name="mrGearboxMogliTEXT_BRAKE"      text="Freno a mano"/>
		<text name="mrGearboxMogliTEXT_DC"         text="Doppia frizione"/>
		<text name="mrGearboxMogliTEXT_NEUTRAL"    text="Folle"/>
		<text name="mrGearboxMogliTEXT_AUTO"       text="Automatico"/>
		<text name="mrGearboxMogliTEXT_MANUAL"     text="Manuale"/>
		<text name="mrGearboxMogliTEXT_NOGEAR"     text="Senza marce"/>
		<text name="mrGearboxMogliTEXT_VARIO"      text="Variatore"/>
		<text name="mrGearboxMogliTEXT_ALLAUTO"    text="Semplificato"/>
		<text name="mrGearboxMogliTEXT_ECO"        text="Eco"/>
		<text name="mrGearboxMogliTEXT_AUTO_HOLD"  text="Attesa automatica"/>
	</texts>
</l10n>
