<?xml version="1.0" encoding="utf-8" standalone="no" ?>
<modDesc descVersion="32">
	<author>Mogli aka Biedens; Italian translation by zed636</author>
	<title>
		<en>Gearbox AddOn</en>
		<de>Getriebe AddOn</de>
		<it>Cambio AddOn</it>
	</title>
	<description>
		<en>Gearbox:
<![CDATA[Gearbox:
Adds the specialization mrGearboxMogli to all condigured vehicles]]>
		</en>
		<de>
<![CDATA[Getriebe: 
Fügt allen konfigurierten Fahrzeugen die Spezialisierung mrGearboxMogli hinzu]]>
		</de>
		<it>
<![CDATA[Cambio]]>
		</it>
	</description>
	<multiplayer supported="true"/>
	<iconFilename>dds/store.dds</iconFilename>
	<version>1.9.1.7</version>
	
	<l10n filenamePrefix="modDesc_l10n">
		<text name="mrGearboxMogliVERSION">
			<de>Getriebe v2.0 beta 7 von Mogli</de>
	  	 <en>Gearbox v2.0 beta 7 by mogli</en>
				<it>Cambio v2.0 beta 7 by mogli</it>
		</text>                  
  </l10n>

	<inputBindings>
		<input name="mrGearboxMogliSHIFTGEARUP" 	  key1="KEY_leftbracket"     button="BUTTON_3" category="VEHICLE" />
		<input name="mrGearboxMogliSHIFTGEARDOWN"   key1="KEY_quote"           button="BUTTON_4" category="VEHICLE" />
		<input name="mrGearboxMogliSHIFTRANGEUP"    key1="KEY_rightbracket"             category="VEHICLE" />
		<input name="mrGearboxMogliSHIFTRANGEDOWN"  key1="KEY_backslash"                category="VEHICLE" />
		<input name="mrGearboxMogliNEUTRAL"      	  key1="KEY_semicolon"                category="VEHICLE" />
		<input name="mrGearboxMogliON_OFF"      	  key1="KEY_rshift KEY_semicolon"     category="VEHICLE" />
		<input name="mrGearboxMogliHUD" 		     	  key1="KEY_slash" 					     			category="VEHICLE" />
		<input name="mrGearboxMogliAllAuto"      	  key1="KEY_rshift KEY_slash" 		    category="VEHICLE" />
		<input name="mrGearboxMogliREVERSE" 		    key1="KEY_space"           button="BUTTON_2" category="VEHICLE" />
		<input name="mrGearboxMogliECO" 	    			key1="KEY_rshift KEY_space"  			 category="VEHICLE" />
		<input name="mrGearboxMogliKEEPSPEED" 	 		key1="KEY_delete" category="VEHICLE" />
		<input name="mrGearboxMogliAUTOCLUTCH2"     key1="KEY_rshift KEY_period"  		 category="VEHICLE" />
		<input name="mrGearboxMogliSHIFTRANGE2UP"   key1="KEY_rshift KEY_rightbracket"  category="VEHICLE" />
		<input name="mrGearboxMogliSHIFTRANGE2DOWN" key1="KEY_rshift KEY_backslash"     category="VEHICLE" />
    <input name="mrGearboxMogliGEAR1"           button="BUTTON_9" device="0" category="VEHICLE" />
    <input name="mrGearboxMogliGEAR2"           button="BUTTON_10" device="0" category="VEHICLE" />
    <input name="mrGearboxMogliGEAR3"           button="BUTTON_11" device="0" category="VEHICLE" />
    <input name="mrGearboxMogliGEAR4"           button="BUTTON_12" device="0" category="VEHICLE" />
    <input name="mrGearboxMogliGEAR5"           button="BUTTON_13" device="0" category="VEHICLE" />
    <input name="mrGearboxMogliGEAR6"           button="BUTTON_14" device="0" category="VEHICLE" />
    <input name="mrGearboxMogliGEARR"           button="BUTTON_15" device="0" category="VEHICLE" />
		<input name="mrGearboxMogliGEARFWD"         category="VEHICLE" />
		<input name="mrGearboxMogliGEARBACK"        category="VEHICLE" />
		<input name="mrGearboxMogliSPEEDLIMIT"      key1="KEY_rshift KEY_3"     category="VEHICLE" />
		<input name="mrGearboxMogliSWAPSPEED"       key1="KEY_4"                category="VEHICLE" />
		<input name="mrGearboxMogliSETSPEED"        key1="KEY_rshift KEY_4"     category="VEHICLE" />
		<input name="mrGearboxMogliACCTOLIMIT" 	    key1="KEY_rshift KEY_leftbracket" category="VEHICLE" />
		<input name="mrGearboxMogliDECTOLIMIT"      key1="KEY_rshift KEY_quote" category="VEHICLE" />
		<input name="mrGearboxMogliCONFLICT_1"      key1="KEY_lshift KEY_4" 	  category="VEHICLE" visible="false" />
		<input name="mrGearboxMogliCONFLICT_2"      key1="KEY_lctrl KEY_4"	    category="VEHICLE" visible="false" />
		<input name="mrGearboxMogliCONFLICT_3"      key1="KEY_lshift KEY_space" category="VEHICLE" visible="false" />
		<input name="mrGearboxMogliCONFLICT_4"      key1="KEY_lctrl KEY_space"	category="VEHICLE" visible="false" />
    <input name="mrGearboxMogliCLUTCH_3"				key1="KEY_period"            category="VEHICLE" />
    <axis name="mrGearboxMogliCLUTCH" axis="AXIS_6" device="0" invert="false" category="VEHICLE" visible="true" />
    <axis name="mrGearboxMogliMINRPM" key1="KEY_equals" key2="KEY_minus"  axis="AXIS_8" device="0" invert="false" category="VEHICLE" visible="true" />
	</inputBindings>

	<extraSourceFiles>
		<sourceFile filename="register.lua" />
	</extraSourceFiles>
</modDesc>