<?xml version="1.0" encoding="utf-8" standalone="no" ?>
<l10n>
	<!-- Note that 'description' is only here for easier translations. It needs to be manually copied to ModDesc.XML later. -->
	<description>
<![CDATA[Getriebe:
Fügt allen konfigurierten Fahrzeugen die Spezialisierung mrGearboxMogli hinzu]]>
</description>

	<texts>
		<!--GearboxAddon helpPanel text-->
		<text name="mrGearboxMogliSHIFTGEARUP"     text="Gearbox: Gear up"/>
		<text name="mrGearboxMogliSHIFTGEARDOWN"   text="Gearbox: Gear down"/>
		<text name="mrGearboxMogliSHIFTRANGEUP"    text="Gearbox: Range up"/>
		<text name="mrGearboxMogliSHIFTRANGE2UP"   text="Gearbox: Range 2 up"/>
		<text name="mrGearboxMogliSHIFTRANGEDOWN"  text="Gearbox: Range down"/>
		<text name="mrGearboxMogliSHIFTRANGE2DOWN" text="Gearbox: Range 2 down"/>
		<text name="mrGearboxMogliNEUTRAL"         text="Gearbox: Neutral"/>
		<text name="mrGearboxMogliOFF"             text="manual gearbox [off]"/>
		<text name="mrGearboxMogliON"              text="manual gearbox [on]"/>
		<text name="mrGearboxMogliON_OFF"          text="Gearbox: On/Off"/>
		<text name="mrGearboxMogliHUD"             text="Gearbox: HUD on/off"/>
		<text name="mrGearboxMogliAllAuto"         text="Gearbox: reality switch"/>
		<text name="mrGearboxMogliAllAutoON"       text="Gearbox [simplified]"/>
		<text name="mrGearboxMogliAllAutoOFF"      text="Gearbox [realistic]"/>
		<text name="mrGearboxMogliREVERSE"         text="Gearbox: Reverse"/>
		<text name="mrGearboxMogliAUTOCLUTCH2"     text="Gearbox: auto clutch"/>
		<text name="mrGearboxMogliCLUTCH"          text="Gearbox: clutch"/>
		<text name="mrGearboxMogliCLUTCH_1"        text="Gearbox: clutch open"/>
		<text name="mrGearboxMogliCLUTCH_2"        text="Gearbox: clutch close"/>
		<text name="mrGearboxMogliCLUTCH_3"        text="Gearbox: clutch"/>
		<text name="mrGearboxMogliMINRPM"          text="Gearbox: hand throttle"/>
		<text name="mrGearboxMogliMINRPM_1"        text="Gearbox: hand throttle down"/>
		<text name="mrGearboxMogliMINRPM_2"        text="Gearbox: hand throttle up"/>
		<text name="mrGearboxMogliGEAR1"           text="Gearbox: G27 1"/>
		<text name="mrGearboxMogliGEAR2"           text="Gearbox: G27 2"/>
		<text name="mrGearboxMogliGEAR3"           text="Gearbox: G27 3"/>
		<text name="mrGearboxMogliGEAR4"           text="Gearbox: G27 4"/>
		<text name="mrGearboxMogliGEAR5"           text="Gearbox: G27 5"/>
		<text name="mrGearboxMogliGEAR6"           text="Gearbox: G27 6"/>
		<text name="mrGearboxMogliGEARR"           text="Gearbox: G27 R"/>
		<text name="mrGearboxMogliGEARFWD"         text="Gearbox: fwd"/>
		<text name="mrGearboxMogliGEARBACK"        text="Gearbox: back"/> 
		<text name="mrGearboxMogliSPEEDLIMIT"      text="Gearbox: limiter"/>
		<text name="mrGearboxMogliSWAPSPEED"       text="Gearbox: limiter 2"/>
		<text name="mrGearboxMogliSETSPEED"        text="Gearbox: set limit"/>
		<text name="mrGearboxMogliACCTOLIMIT"      text="Gearbox: acceleration"/>
		<text name="mrGearboxMogliDECTOLIMIT"      text="Gearbox: deceleration"/>
		<text name="mrGearboxMogliECO"             text="Gearbox: eco on/off"/>
		<text name="mrGearboxMogliKEEPSPEED"       text="Gearbox: keep speed"/>
		<text name="mrGearboxMogliTEXT_OFF"        text="motor off"/>
		<text name="mrGearboxMogliTEXT_AI"         text="AI"/>
		<text name="mrGearboxMogliTEXT_BRAKE"      text="handbrake"/>
		<text name="mrGearboxMogliTEXT_DC"         text="double clutch"/>
		<text name="mrGearboxMogliTEXT_NEUTRAL"    text="neutral"/>
		<text name="mrGearboxMogliTEXT_AUTO"       text="automatic"/>
		<text name="mrGearboxMogliTEXT_MANUAL"     text="manual"/>
		<text name="mrGearboxMogliTEXT_NOGEAR"     text="no gear"/>
		<text name="mrGearboxMogliTEXT_VARIO"      text="CVT"/>
		<text name="mrGearboxMogliTEXT_ALLAUTO"    text="simple"/>
		<text name="mrGearboxMogliTEXT_ECO"        text="eco"/>
		<text name="mrGearboxMogliTEXT_AUTO_HOLD"  text="auto hold"/>
	</texts>
</l10n>
