﻿<?xml version="1.0" encoding="utf-8" standalone="no" ?>
<vehicles>

	<vehicle>newHolland8340
		<configFile xmlName="data/vehicles/steerable/newHolland/newHolland8340.xml"/>
		
		<gearboxMogli autoStartStop="false" speedLimiter="false" maxAIRange="1">
			<gears defaultGear="1" shiftTimeMs="0" clutchRatio="1">
				<gear speed="21.9"/>
				<gear speed="26.9"/>
				<gear speed="33.6"/>
				<gear speed="40"/>
			</gears>
			
			<ranges defaultRange="2" shiftTimeMs="800">
				<range name="L" ratio="0.43"/>
				<range name="H" ratio="1"/>
			</ranges>
			
			<ranges defaultRange="2" shiftTimeMs="800">
				<range name="L" ratio="0.245"/>
				<range name="H" ratio="1"/>
			</ranges>
			
			<realEngine idleRpm="800" ratedRpm="2100">
        <!-- 2100: 125(125) | 2100: 125(125) | 1400..1400: 537(537) | 85 | 0.5 | 149 | 2 | 2200 | 1320: 220 -->
        <torque rpm="350" motorTorque="303" fuelUsageRatio="254"/>
        <torque rpm="700" motorTorque="430" fuelUsageRatio="233.9"/>
        <torque rpm="900" motorTorque="481" fuelUsageRatio="226.4"/>
        <torque rpm="1000" motorTorque="501" fuelUsageRatio="223.7"/>
        <torque rpm="1100" motorTorque="517" fuelUsageRatio="221.8"/>
        <torque rpm="1200" motorTorque="528" fuelUsageRatio="220.5"/>
        <torque rpm="1300" motorTorque="535" fuelUsageRatio="220"/>
        <torque rpm="1400" motorTorque="537" fuelUsageRatio="220.3"/>
        <torque rpm="1500" motorTorque="527" fuelUsageRatio="221.3"/>
        <torque rpm="1600" motorTorque="515" fuelUsageRatio="223.1"/>
        <torque rpm="1700" motorTorque="501" fuelUsageRatio="225.8"/>
        <torque rpm="1800" motorTorque="484" fuelUsageRatio="229.3"/>
        <torque rpm="1850" motorTorque="473" fuelUsageRatio="231.3"/>
        <torque rpm="1900" motorTorque="461" fuelUsageRatio="233.5"/>
        <torque rpm="1950" motorTorque="449" fuelUsageRatio="235.9"/>
        <torque rpm="2000" motorTorque="438" fuelUsageRatio="238.6"/>
        <torque rpm="2050" motorTorque="428" fuelUsageRatio="241.4"/>
        <torque rpm="2100" motorTorque="418" fuelUsageRatio="244.4"/>
        <torque rpm="2150" motorTorque="371" fuelUsageRatio="260.4"/>
        <torque rpm="2200" motorTorque="230" fuelUsageRatio="334.6"/>
        <torque rpm="2250" motorTorque="0" fuelUsageRatio="488.9"/>
			</realEngine>
		</gearboxMogli>				
	</vehicle>

	<vehicle>deutzAgroStar661
		<configFile xmlName="data/vehicles/steerable/deutz/deutzAgroStar661.xml"/>

		<!-- http://www.deutz-traktoren.de/prospekte/download.php?datei=agrostar-prospekt -->
		<gearboxMogli autoStartStop="false" maxAIRange2="3">
			<realEngine idleRpm="1000" ratedRpm="2300" >
				<torque rpm="900"  motorTorque="510"/>
				<torque rpm="1000" motorTorque="525"/>
				<torque rpm="1100" motorTorque="535"/>
				<torque rpm="1200" motorTorque="541"/>
				<torque rpm="1300" motorTorque="546"/>
				<torque rpm="1400" motorTorque="548"/>
				<torque rpm="1500" motorTorque="549"/>
				<torque rpm="1600" motorTorque="550"/>
				<torque rpm="1700" motorTorque="547"/>
				<torque rpm="1800" motorTorque="535"/>
				<torque rpm="1900" motorTorque="517"/>
				<torque rpm="2000" motorTorque="497"/>
				<torque rpm="2100" motorTorque="476"/>
				<torque rpm="2200" motorTorque="456"/>
				<torque rpm="2300" motorTorque="437"/>
				<torque rpm="2350" motorTorque="410"/>
				<torque rpm="2400" motorTorque="0"/>
			</realEngine>
		
			<gears defaultGear="4" shiftTimeMs="800" speedMatching="false">
				<gear speed="10.0"/>
				<gear speed="13.5"/>
				<gear speed="17.0"/>
				<gear speed="25.0"/>
				<gear speed="30.0"/>
				<gear speed="40.0"/>
			</gears>

			<ranges defaultRange="1" shiftTimeMs="0" clutchRatio="1" speedMatching="false">
				<range ratio="0.8" name="I" />
				<range ratio="1.0" name="II" />
			</ranges>

			<ranges defaultRange="4" reverseReset="true" doubleClutch="true">
				<range ratio="0.0425" name="LL" forwardOnly="true"/>
				<range ratio="0.2275" name="L" forwardOnly="true"/>
				<range ratio="0.47"   name="M" forwardOnly="true"/>
				<range ratio="1"      name="H" forwardOnly="true"/>
				<range ratio="0.44"   name="R" reverseOnly="true"/>
			</ranges>
		</gearboxMogli>	
	</vehicle>

	<vehicle>huerlimannH488
		<configFile xmlName="data/vehicles/steerable/huerlimann/huerlimannH488.xml"/>
		
		<gearboxMogli autoStartStop="false">
			<blowOffVentilSound volume="0"/>
			
			<gears>
				<gear speed="10.125"  />
				<gear speed="14.46"  />
				<gear speed="20.72"/>
				<gear speed="28.96"/>
				<gear speed="40.28"/>
			</gears>

			<ranges defaultRange="3">
				<range ratio="0.029" name="L"/>
				<range ratio="0.182" name="M"/>
				<range ratio="1"     name="V"/>
			</ranges>
		</gearboxMogli>
	</vehicle>

	<vehicle>sameFortis
		<configFile xmlName="data/vehicles/steerable/same/sameFortis.xml" />
						
		<gearboxMogli   swapGearRangeKeys="true" maxAIRange="4">	
			<gears shiftTimeMs="0" clutchRatio="1"  automatic="true" speedMatching="true">	
				<gear speed="29.15" name="S"/>
				<gear speed="34.95" name="L"/>
				<gear speed="41.83" name="M"/>
				<gear speed="50.00" name="H"/>
			</gears>

			<ranges defaultRange="4" shiftTimeMs="800" clutchRatio="0.7">
				<range ratio="0.1096" name="1" />
				<range ratio="0.1972" name="2" />
				<range ratio="0.3164" name="3" />
				<range ratio="0.4766" name="4" />
				<range ratio="0.6554" name="5" />
				<range ratio="1"      name="6" />
			</ranges>

			<reverse ratio="1" shiftTimeMs="500" clutchRatio="1" resetRange="false" resetGear="false"/>

			<engines>
				<engine name="160" idleRpm="800" ratedRpm="2100" >
					<!-- 1900: 166(166) | 2100: 156(156) | 1100..1600: 692(692) | 95 | 0.5 | 149 | 2 | 2200 | 1320: 204 -->
					<torque rpm="350" motorTorque="461" fuelUsageRatio="235.5"/>
					<torque rpm="700" motorTorque="633" fuelUsageRatio="216.9"/>
					<torque rpm="900" motorTorque="677" fuelUsageRatio="209.9"/>
					<torque rpm="1000" motorTorque="688" fuelUsageRatio="207.4"/>
					<torque rpm="1100" motorTorque="692" fuelUsageRatio="205.6"/>
					<torque rpm="1200" motorTorque="692" fuelUsageRatio="204.5"/>
					<torque rpm="1300" motorTorque="692" fuelUsageRatio="204"/>
					<torque rpm="1400" motorTorque="692" fuelUsageRatio="204.2"/>
					<torque rpm="1500" motorTorque="692" fuelUsageRatio="205.2"/>
					<torque rpm="1600" motorTorque="692" fuelUsageRatio="206.9"/>
					<torque rpm="1700" motorTorque="675" fuelUsageRatio="209.4"/>
					<torque rpm="1800" motorTorque="647" fuelUsageRatio="212.6"/>
					<torque rpm="1850" motorTorque="630" fuelUsageRatio="214.5"/>
					<torque rpm="1900" motorTorque="614" fuelUsageRatio="216.5"/>
					<torque rpm="1950" motorTorque="596" fuelUsageRatio="218.8"/>
					<torque rpm="2000" motorTorque="574" fuelUsageRatio="221.2"/>
					<torque rpm="2050" motorTorque="549" fuelUsageRatio="223.9"/>
					<torque rpm="2100" motorTorque="522" fuelUsageRatio="226.7"/>
					<torque rpm="2150" motorTorque="463" fuelUsageRatio="241.5"/>
					<torque rpm="2200" motorTorque="287" fuelUsageRatio="310.3"/>
					<torque rpm="2250" motorTorque="0" fuelUsageRatio="453.3"/>
				</engine>
				
				<engine name="190" idleRpm="800" ratedRpm="2100" >
					<!-- 1900: 193(193) | 2100: 184(184) | 1100..1600: 820(820) | 95 | 0.5 | 149 | 2 | 2200 | 1320: 204 -->
					<torque rpm="350" motorTorque="546" fuelUsageRatio="235.5"/>
					<torque rpm="700" motorTorque="750" fuelUsageRatio="216.9"/>
					<torque rpm="900" motorTorque="802" fuelUsageRatio="209.9"/>
					<torque rpm="1000" motorTorque="815" fuelUsageRatio="207.4"/>
					<torque rpm="1100" motorTorque="820" fuelUsageRatio="205.6"/>
					<torque rpm="1200" motorTorque="820" fuelUsageRatio="204.5"/>
					<torque rpm="1300" motorTorque="820" fuelUsageRatio="204"/>
					<torque rpm="1400" motorTorque="820" fuelUsageRatio="204.2"/>
					<torque rpm="1500" motorTorque="820" fuelUsageRatio="205.2"/>
					<torque rpm="1600" motorTorque="820" fuelUsageRatio="206.9"/>
					<torque rpm="1700" motorTorque="796" fuelUsageRatio="209.4"/>
					<torque rpm="1800" motorTorque="753" fuelUsageRatio="212.6"/>
					<torque rpm="1850" motorTorque="733" fuelUsageRatio="214.5"/>
					<torque rpm="1900" motorTorque="713" fuelUsageRatio="216.5"/>
					<torque rpm="1950" motorTorque="693" fuelUsageRatio="218.8"/>
					<torque rpm="2000" motorTorque="670" fuelUsageRatio="221.2"/>
					<torque rpm="2050" motorTorque="644" fuelUsageRatio="223.9"/>
					<torque rpm="2100" motorTorque="615" fuelUsageRatio="226.7"/>
					<torque rpm="2150" motorTorque="546" fuelUsageRatio="241.5"/>
					<torque rpm="2200" motorTorque="338" fuelUsageRatio="310.3"/>
					<torque rpm="2250" motorTorque="0" fuelUsageRatio="453.3"/>
				</engine>
			</engines>
		</gearboxMogli>		
	</vehicle>
	
	<vehicle>steyrMulti
		<configFile xmlName="data/vehicles/steerable/steyr/steyrMulti.xml"/>
		
		<!-- http://media.steyr-traktoren.com/Media/Flip_viewer/de_at/Multi/flipviewerxpress.html -->
		<gearboxMogli   swapGearRangeKeys="true" maxAIRange2="1">
			<engines>
				<engine name="Multi 4095" idleRpm="900" ratedRpm="2200" >
					<!-- 1900: 99(99) | 2200: 99(99) | 1300..1500: 407(407) | 95 | 0.5 | 149 | 2.5 | 2300 | 1400: 220 -->
					<torque rpm="350" motorTorque="262" fuelUsageRatio="263.1"/>
					<torque rpm="700" motorTorque="363" fuelUsageRatio="239.2"/>
					<torque rpm="900" motorTorque="387" fuelUsageRatio="229.8"/>
					<torque rpm="1000" motorTorque="396" fuelUsageRatio="226.3"/>
					<torque rpm="1100" motorTorque="402" fuelUsageRatio="223.5"/>
					<torque rpm="1200" motorTorque="406" fuelUsageRatio="221.6"/>
					<torque rpm="1300" motorTorque="407" fuelUsageRatio="220.4"/>
					<torque rpm="1400" motorTorque="407" fuelUsageRatio="220"/>
					<torque rpm="1500" motorTorque="407" fuelUsageRatio="220.4"/>
					<torque rpm="1600" motorTorque="401" fuelUsageRatio="221.5"/>
					<torque rpm="1700" motorTorque="392" fuelUsageRatio="223.4"/>
					<torque rpm="1800" motorTorque="380" fuelUsageRatio="226.1"/>
					<torque rpm="1850" motorTorque="373" fuelUsageRatio="227.7"/>
					<torque rpm="1900" motorTorque="366" fuelUsageRatio="229.5"/>
					<torque rpm="1950" motorTorque="357" fuelUsageRatio="231.6"/>
					<torque rpm="2000" motorTorque="348" fuelUsageRatio="233.8"/>
					<torque rpm="2050" motorTorque="339" fuelUsageRatio="236.1"/>
					<torque rpm="2100" motorTorque="331" fuelUsageRatio="238.7"/>
					<torque rpm="2150" motorTorque="323" fuelUsageRatio="241.5"/>
					<torque rpm="2200" motorTorque="316" fuelUsageRatio="244.4"/>
					<torque rpm="2250" motorTorque="295" fuelUsageRatio="260.4"/>
					<torque rpm="2300" motorTorque="199" fuelUsageRatio="334.6"/>
					<torque rpm="2350" motorTorque="0" fuelUsageRatio="488.9"/>
				</engine>

				<engine name="Multi 4115" idleRpm="900" ratedRpm="2200" >
					<!-- 1900: 114(114) | 2200: 114(114) | 1300..1500: 457(457) | 95 | 0.5 | 149 | 2.5 | 2300 | 1400: 220 -->
					<torque rpm="350" motorTorque="294" fuelUsageRatio="263.1"/>
					<torque rpm="700" motorTorque="407" fuelUsageRatio="239.2"/>
					<torque rpm="900" motorTorque="434" fuelUsageRatio="229.8"/>
					<torque rpm="1000" motorTorque="444" fuelUsageRatio="226.3"/>
					<torque rpm="1100" motorTorque="451" fuelUsageRatio="223.5"/>
					<torque rpm="1200" motorTorque="456" fuelUsageRatio="221.6"/>
					<torque rpm="1300" motorTorque="457" fuelUsageRatio="220.4"/>
					<torque rpm="1400" motorTorque="457" fuelUsageRatio="220"/>
					<torque rpm="1500" motorTorque="457" fuelUsageRatio="220.4"/>
					<torque rpm="1600" motorTorque="451" fuelUsageRatio="221.5"/>
					<torque rpm="1700" motorTorque="444" fuelUsageRatio="223.4"/>
					<torque rpm="1800" motorTorque="434" fuelUsageRatio="226.1"/>
					<torque rpm="1850" motorTorque="428" fuelUsageRatio="227.7"/>
					<torque rpm="1900" motorTorque="421" fuelUsageRatio="229.5"/>
					<torque rpm="1950" motorTorque="411" fuelUsageRatio="231.6"/>
					<torque rpm="2000" motorTorque="400" fuelUsageRatio="233.8"/>
					<torque rpm="2050" motorTorque="390" fuelUsageRatio="236.1"/>
					<torque rpm="2100" motorTorque="381" fuelUsageRatio="238.7"/>
					<torque rpm="2150" motorTorque="372" fuelUsageRatio="241.5"/>
					<torque rpm="2200" motorTorque="364" fuelUsageRatio="244.4"/>
					<torque rpm="2250" motorTorque="340" fuelUsageRatio="260.4"/>
					<torque rpm="2300" motorTorque="230" fuelUsageRatio="334.6"/>
					<torque rpm="2350" motorTorque="0" fuelUsageRatio="488.9"/>
				</engine>
			</engines>

			<gears shiftTimeMs="0" clutchRatio="1"  automatic="true" speedMatching="true">	
				<gear speed="29.6" name="P1"/>
				<gear speed="35.5" name="P2"/>
				<gear speed="42.5" name="P3"/>
				<gear speed="50.9" name="P4"/>
			</gears>
			
			<ranges defaultRange="2" shiftTimeMs="800" clutchRatio="0.7">
				<range ratio="0.2"   name="1"/>
				<range ratio="0.342" name="2"/>
				<range ratio="0.585" name="3"/>
				<range ratio="1"     name="4"/>
			</ranges>
			
			<ranges defaultRange="2">
				<range ratio="0.306" name="A" />
				<range ratio="1"     name="S" />
			</ranges>
			
			<reverse ratio="1" shiftTimeMs="500" clutchRatio="1" resetRange="false" resetGear="false"/>
		</gearboxMogli>
	</vehicle>
	
	<vehicle>caseIHQuadtrac620
		<configFile xmlName="data/vehicles/steerable/caseIH/caseIHQuadtrac620.xml"/>
		
		<!-- http://www.caseiheurope.com/Media/490856a6-ee37-422f-bff2-0e5e02dd34f0/CaseIH_FlipViewer/de_de/Steiger_Quadtrac_620/flipviewerxpress.html -->
		<gearboxMogli  >
			<gears shiftTimeMs="0" shiftEffect="true" clutchRatio="1" defaultGear="13" automatic="true" reverseReset="true">	
				<gear forwardOnly="true" speed="1.68" name="1"/>
				<gear forwardOnly="true" speed="2.08" name="2"/>
				<gear forwardOnly="true" speed="2.57" name="3"/>
				<gear forwardOnly="true" speed="3.18" name="4"/>
				<gear forwardOnly="true" speed="3.92" name="5"/>
				<gear forwardOnly="true" speed="4.85" name="6"/>
				<gear forwardOnly="true" speed="5.99" name="7"/>
				<gear speed="6.75" reverseOnly="true" name="R1"/>
				<gear forwardOnly="true" speed="7.4"  name="8"/>
				<gear forwardOnly="true" speed="9.14" name="9"/>
				<gear forwardOnly="true" speed="11.3" name="10"/>
				<gear speed="13.5" reverseOnly="true" name="R2"/>			
				<gear forwardOnly="true" speed="13.9" name="11"/>
				<gear forwardOnly="true" speed="17.2" name="12"/>
				<gear forwardOnly="true" speed="21.3" name="13"/>
				<gear forwardOnly="true" speed="26.3" name="14"/>
				<gear forwardOnly="true" speed="32.5" name="15"/>
				<gear forwardOnly="true" speed="40.1" name="16"/>				
			</gears>			
			
			<realEngine idleRpm="900" ratedRpm="2100">
				<torque rpm="800" motorTorque="2729"/>
				<torque rpm="900" motorTorque="2794"/>
				<torque rpm="1000" motorTorque="2847"/>
				<torque rpm="1100" motorTorque="2888"/>
				<torque rpm="1200" motorTorque="2917"/>
				<torque rpm="1300" motorTorque="2935"/>
				<torque rpm="1400" motorTorque="2941"/>
				<torque rpm="1500" motorTorque="2874"/>
				<torque rpm="1600" motorTorque="2800"/>
				<torque rpm="1700" motorTorque="2718"/>
				<torque rpm="1800" motorTorque="2629"/>
				<torque rpm="1900" motorTorque="2531"/>
				<torque rpm="2000" motorTorque="2427"/>
				<torque rpm="2100" motorTorque="2314"/>
				<torque rpm="2200" motorTorque="1735"/>
				<torque rpm="2300" motorTorque="0"/>
			</realEngine>
		</gearboxMogli>
	</vehicle>
	
	<vehicle>newHollandT9
		<configFile xmlName="data/vehicles/steerable/newHolland/newHollandT9.xml"/>
		
		<gearboxMogli>
			<gears shiftTimeMs="0" shiftEffect="true" clutchRatio="1" defaultGear="13" automatic="true" reverseReset="true">	
				<gear forwardOnly="true" speed="1.68" name="1"/>
				<gear forwardOnly="true" speed="2.08" name="2"/>
				<gear forwardOnly="true" speed="2.57" name="3"/>
				<gear forwardOnly="true" speed="3.18" name="4"/>
				<gear forwardOnly="true" speed="3.92" name="5"/>
				<gear forwardOnly="true" speed="4.85" name="6"/>
				<gear forwardOnly="true" speed="5.99" name="7"/>
				<gear speed="6.75" reverseOnly="true" name="R1"/>
				<gear forwardOnly="true" speed="7.4"  name="8"/>
				<gear forwardOnly="true" speed="9.14" name="9"/>
				<gear forwardOnly="true" speed="11.3" name="10"/>
				<gear speed="13.5" reverseOnly="true" name="R2"/>			
				<gear forwardOnly="true" speed="13.9" name="11"/>
				<gear forwardOnly="true" speed="17.2" name="12"/>
				<gear forwardOnly="true" speed="21.3" name="13"/>
				<gear forwardOnly="true" speed="26.3" name="14"/>
				<gear forwardOnly="true" speed="32.5" name="15"/>
				<gear forwardOnly="true" speed="40.1" name="16"/>				
			</gears>			
			
			<engines>
				<engine name="T9.480" idleRpm="900" ratedRpm="2100">
					<!-- 1900: 462(430) | 2100: 460(420) | 1400..1400: 1992(1992) | 95 | 0.5 | 149 | 2.5 | 2200 | 1380: 210 -->
					<torque rpm="350" motorTorque="1328" motorTorqueEco="1328" fuelUsageRatio="253"/>
					<torque rpm="700" motorTorque="1797" motorTorqueEco="1797" fuelUsageRatio="228.7"/>
					<torque rpm="900" motorTorque="1892" motorTorqueEco="1892" fuelUsageRatio="219.3"/>
					<torque rpm="1000" motorTorque="1928" motorTorqueEco="1928" fuelUsageRatio="215.8"/>
					<torque rpm="1100" motorTorque="1956" motorTorqueEco="1956" fuelUsageRatio="213.2"/>
					<torque rpm="1200" motorTorque="1976" motorTorqueEco="1976" fuelUsageRatio="211.3"/>
					<torque rpm="1300" motorTorque="1988" motorTorqueEco="1988" fuelUsageRatio="210.3"/>
					<torque rpm="1400" motorTorque="1992" motorTorqueEco="1992" fuelUsageRatio="210"/>
					<torque rpm="1500" motorTorque="1958" motorTorqueEco="1944" fuelUsageRatio="210.6"/>
					<torque rpm="1600" motorTorque="1912" motorTorqueEco="1879" fuelUsageRatio="212.2"/>
					<torque rpm="1700" motorTorque="1855" motorTorqueEco="1772" fuelUsageRatio="214.6"/>
					<torque rpm="1800" motorTorque="1787" motorTorqueEco="1676" fuelUsageRatio="217.9"/>
					<torque rpm="1850" motorTorque="1749" motorTorqueEco="1631" fuelUsageRatio="219.9"/>
					<torque rpm="1900" motorTorque="1707" motorTorqueEco="1589" fuelUsageRatio="222.2"/>
					<torque rpm="1950" motorTorque="1663" motorTorqueEco="1546" fuelUsageRatio="224.6"/>
					<torque rpm="2000" motorTorque="1620" motorTorqueEco="1501" fuelUsageRatio="227.3"/>
					<torque rpm="2050" motorTorque="1579" motorTorqueEco="1454" fuelUsageRatio="230.2"/>
					<torque rpm="2100" motorTorque="1538" motorTorqueEco="1404" fuelUsageRatio="233.3"/>
					<torque rpm="2150" motorTorque="1438" motorTorqueEco="1313" fuelUsageRatio="248.6"/>
					<torque rpm="2200" motorTorque="971" motorTorqueEco="886" fuelUsageRatio="319.4"/>
					<torque rpm="2250" motorTorque="0" motorTorqueEco="0" fuelUsageRatio="466.7"/>
				</engine>
				
				<engine name="T9.565" idleRpm="900" ratedRpm="2100">
					<!-- 1900: 550(520) | 2100: 540(500) | 1400..1400: 2374(2374) | 95 | 0.5 | 149 | 2.5 | 2200 | 1380: 210 -->
					<torque rpm="350" motorTorque="1583" motorTorqueEco="1583" fuelUsageRatio="253"/>
					<torque rpm="700" motorTorque="2142" motorTorqueEco="2142" fuelUsageRatio="228.7"/>
					<torque rpm="900" motorTorque="2255" motorTorqueEco="2255" fuelUsageRatio="219.3"/>
					<torque rpm="1000" motorTorque="2298" motorTorqueEco="2298" fuelUsageRatio="215.8"/>
					<torque rpm="1100" motorTorque="2331" motorTorqueEco="2331" fuelUsageRatio="213.2"/>
					<torque rpm="1200" motorTorque="2355" motorTorqueEco="2355" fuelUsageRatio="211.3"/>
					<torque rpm="1300" motorTorque="2369" motorTorqueEco="2369" fuelUsageRatio="210.3"/>
					<torque rpm="1400" motorTorque="2374" motorTorqueEco="2374" fuelUsageRatio="210"/>
					<torque rpm="1500" motorTorque="2333" motorTorqueEco="2320" fuelUsageRatio="210.6"/>
					<torque rpm="1600" motorTorque="2278" motorTorqueEco="2247" fuelUsageRatio="212.2"/>
					<torque rpm="1700" motorTorque="2210" motorTorqueEco="2143" fuelUsageRatio="214.6"/>
					<torque rpm="1800" motorTorque="2128" motorTorqueEco="2026" fuelUsageRatio="217.9"/>
					<torque rpm="1850" motorTorque="2082" motorTorqueEco="1973" fuelUsageRatio="219.9"/>
					<torque rpm="1900" motorTorque="2033" motorTorqueEco="1922" fuelUsageRatio="222.2"/>
					<torque rpm="1950" motorTorque="1978" motorTorqueEco="1868" fuelUsageRatio="224.6"/>
					<torque rpm="2000" motorTorque="1922" motorTorqueEco="1808" fuelUsageRatio="227.3"/>
					<torque rpm="2050" motorTorque="1865" motorTorqueEco="1743" fuelUsageRatio="230.2"/>
					<torque rpm="2100" motorTorque="1806" motorTorqueEco="1672" fuelUsageRatio="233.3"/>
					<torque rpm="2150" motorTorque="1688" motorTorqueEco="1563" fuelUsageRatio="248.6"/>
					<torque rpm="2200" motorTorque="1139" motorTorqueEco="1055" fuelUsageRatio="319.4"/>
					<torque rpm="2250" motorTorque="0" motorTorqueEco="0" fuelUsageRatio="466.7"/>
				</engine>
			</engines>
		</gearboxMogli>
	</vehicle>
	
	<vehicle>lizardPickupRodeo, lizardPickupTT
		<configFile xmlName="data/vehicles/steerable/lizard/lizardPickupRodeo.xml"/>
		<configFile xmlName="data/vehicles/steerable/lizard/lizardPickupTT.xml"/>
		
		<gearboxMogli clutchOpenRpm="1150" clutchCloseRpm="1600" torqueConverter="true" speedLimiter="false">
			<blowOffVentilSound volume="0"/>
			
			<gears shiftTimeMs="500"  automatic="true" reverseReset="true">	
				<gear speed="40"  forwardOnly="true" name="1"/>
				<gear speed="50"  reverseOnly="true" name="R"/>			
				<gear speed="60"  forwardOnly="true" name="2"/>
				<gear speed="88"  forwardOnly="true" name="3"/>
				<gear speed="130" forwardOnly="true" name="4"/>
			</gears>
			
		</gearboxMogli>
	</vehicle>
	
	<vehicle>manTGS18480
		<configFile xmlName="data/vehicles/steerable/man/manTGS18480.xml"/>		
		
		<!-- http://www.eurotransport.de/test/1/9/5/1/3/8/6/Technische_Daten_und_Messwerte.pdf -->
		<gearboxMogli  maxForwardSpeed="90" maxBackwardSpeed="90">
			<realEngine idleRpm="930" ratedRpm="1900">
        <!-- 1900: 480(480) | 1900: 480(480) | 1050..1400: 2300(2300) | 95 | 0.5 | 149 | 2.5 | 2000 | 1230: 200 -->
        <torque rpm="350" motorTorque="837" fuelUsageRatio="263.2"/>
        <torque rpm="700" motorTorque="1763" fuelUsageRatio="222.9"/>
        <torque rpm="900" motorTorque="2185" fuelUsageRatio="208.9"/>
        <torque rpm="1000" motorTorque="2287" fuelUsageRatio="204.3"/>
        <torque rpm="1100" motorTorque="2300" fuelUsageRatio="201.4"/>
        <torque rpm="1200" motorTorque="2300" fuelUsageRatio="200.1"/>
        <torque rpm="1300" motorTorque="2300" fuelUsageRatio="200.2"/>
        <torque rpm="1400" motorTorque="2300" fuelUsageRatio="201.4"/>
        <torque rpm="1500" motorTorque="2237" fuelUsageRatio="203.6"/>
        <torque rpm="1600" motorTorque="2100" fuelUsageRatio="206.8"/>
        <torque rpm="1700" motorTorque="1979" fuelUsageRatio="210.9"/>
        <torque rpm="1800" motorTorque="1871" fuelUsageRatio="216.1"/>
        <torque rpm="1850" motorTorque="1821" fuelUsageRatio="219"/>
        <torque rpm="1900" motorTorque="1774" fuelUsageRatio="222.2"/>
        <torque rpm="1950" motorTorque="1658" fuelUsageRatio="236.7"/>
        <torque rpm="2000" motorTorque="1119" fuelUsageRatio="304.2"/>
        <torque rpm="2050" motorTorque="0" fuelUsageRatio="444.4"/>
			</realEngine>
		
			<gears clutchRatio="0.7" automatic="true" shiftTimeMs="700" reverseReset="true"  speedMatching="true"> <!-- autoShiftTimeout="4000" autoShiftTimeout2="2500"-->	
				<gear speed="37.53"  forwardOnly="true" name="1"/>
				<gear speed="40.46"  reverseOnly="true" name="R1"/>
				<gear speed="48.2"   forwardOnly="true" name="2"/>
				<gear speed="53.31"  reverseOnly="true" name="R2"/>			
				<gear speed="62.3"   forwardOnly="true" name="3"/>
				<gear speed="79.9"   forwardOnly="true" name="4"/>
				<gear speed="101.75" forwardOnly="true" name="5"/>
				<gear speed="130.2"  forwardOnly="true" name="6"/>
			</gears>
			
			<ranges clutchRatio="0.7" automatic="true" shiftTimeMs="800" reverseReset="true" defaultRange="2">
				<range ratio="0.219" name="L" />
				<range ratio="1"     name="H" forwardOnly="true" />
			</ranges>
		</gearboxMogli>
	</vehicle>
		
	<vehicle>caseIH1455
		<configFile xmlName="data/vehicles/steerable/caseIH/caseIH1455.xml"/>

		<gearboxMogli autoStartStop="false" maxAIRange="1">
			<gears shiftTimeMs="800">	
				<gear speed="3.9"  name="1" />
				<gear speed="6.2"  name="2" />
				<gear speed="9.7"  name="3" />
				<gear speed="14.7"  name="4" />
				<gear speed="23.5"  name="5" />
				<gear speed="40.0"  name="6" />
			</gears>
			<ranges defaultRange="2" shiftTimeMs="1200">
				<range ratio="0.7825" name="A" />
				<range ratio="1.0000" name="S" />
			</ranges>
			<reverse ratio="0.7475" shiftTimeMs="500" clutchRatio="1" resetRange="false" resetGear="false"/>
		
			<realEngine idleRpm="900" ratedRpm="2200">
				<torque rpm="0" motorTorque="0"/>
				<torque rpm="700" motorTorque="410"/>
				<torque rpm="800" motorTorque="435"/>
				<torque rpm="900" motorTorque="457"/>
				<torque rpm="1000" motorTorque="476"/>
				<torque rpm="1100" motorTorque="492"/>
				<torque rpm="1200" motorTorque="505"/>
				<torque rpm="1300" motorTorque="516"/>
				<torque rpm="1400" motorTorque="523"/>
				<torque rpm="1500" motorTorque="528"/>
				<torque rpm="1600" motorTorque="529"/>
				<torque rpm="1700" motorTorque="519"/>
				<torque rpm="1800" motorTorque="508"/>
				<torque rpm="1900" motorTorque="498"/>
				<torque rpm="2000" motorTorque="486"/>
				<torque rpm="2100" motorTorque="475"/>
				<torque rpm="2200" motorTorque="463"/>
				<torque rpm="2300" motorTorque="347"/>
				<torque rpm="2400" motorTorque="0"/>
			</realEngine>
		</gearboxMogli>	
	</vehicle>

	<vehicle>caseIHMagnum380
		<configFile xmlName="data/vehicles/steerable/caseIH/caseIHMagnum380.xml"/>
	
		<!-- full powershift 19.4 with 50 km/h -->
		<!-- http://www.caseiheurope.com/Media/490856a6-ee37-422f-bff2-0e5e02dd34f0/CaseIH_FlipViewer/de_de/MAGNUM_CVX/flipviewerxpress.html -->
		<!-- http://www.dlg-test.de/pbdocs/traktoren/CASE-IH-Magnum340.pdf -->
		<gearboxMogli maxBackwardSpeed="27" maxForwardSpeed="51" ptoRpm="1803" ptoRpmEco="1592">
      <hydrostatic profile="ZF" correctGearSpeed="true"/>
			<gears automatic="true">	
				<gear speed="6.25" name="" atRpm="1750"/>
				<gear speed="12.5" name="" atRpm="1750"/>
				<gear speed="25"   name="" atRpm="1750"/>
				<gear speed="50"   name="" atRpm="1750"/>
			</gears>
			<reverse ratio="1"/>
			
			<engines>
				<engine name="340 CVX" idleRpm="800" ratedRpm="2000">
					<!-- 1800: 409(374) | 2000: 375(340) | 1400..1600: 1800(1671) | 85 | 0.5 | 149 | 2.5 | 2100 | 1280: 200 -->
					<torque rpm="350" motorTorque="1014" motorTorqueEco="941" fuelUsageRatio="233.4"/>
					<torque rpm="700" motorTorque="1442" motorTorqueEco="1338" fuelUsageRatio="213"/>
					<torque rpm="900" motorTorque="1613" motorTorqueEco="1497" fuelUsageRatio="205.6"/>
					<torque rpm="1000" motorTorque="1680" motorTorqueEco="1560" fuelUsageRatio="203"/>
					<torque rpm="1100" motorTorque="1733" motorTorqueEco="1608" fuelUsageRatio="201.3"/>
					<torque rpm="1200" motorTorque="1770" motorTorqueEco="1643" fuelUsageRatio="200.2"/>
					<torque rpm="1300" motorTorque="1793" motorTorqueEco="1664" fuelUsageRatio="200"/>
					<torque rpm="1400" motorTorque="1800" motorTorqueEco="1671" fuelUsageRatio="200.6"/>
					<torque rpm="1500" motorTorque="1800" motorTorqueEco="1671" fuelUsageRatio="202.1"/>
					<torque rpm="1600" motorTorque="1791" motorTorqueEco="1638" fuelUsageRatio="204.4"/>
					<torque rpm="1700" motorTorque="1688" motorTorqueEco="1543" fuelUsageRatio="207.6"/>
					<torque rpm="1800" motorTorque="1596" motorTorqueEco="1459" fuelUsageRatio="211.6"/>
					<torque rpm="1850" motorTorque="1544" motorTorqueEco="1412" fuelUsageRatio="213.9"/>
					<torque rpm="1900" motorTorque="1480" motorTorqueEco="1351" fuelUsageRatio="216.5"/>
					<torque rpm="1950" motorTorque="1404" motorTorqueEco="1278" fuelUsageRatio="219.2"/>
					<torque rpm="2000" motorTorque="1317" motorTorqueEco="1194" fuelUsageRatio="222.2"/>
					<torque rpm="2050" motorTorque="1231" motorTorqueEco="1116" fuelUsageRatio="236.7"/>
					<torque rpm="2100" motorTorque="831" motorTorqueEco="753" fuelUsageRatio="304.2"/>
					<torque rpm="2150" motorTorque="0" motorTorqueEco="0" fuelUsageRatio="444.4"/>
				</engine>
				
				<engine name="380 CVX" idleRpm="800" ratedRpm="2000">
					<!-- 1800: 435(409) | 2000: 415(379) | 1400..1600: 1850(1850) | 85 | 0.5 | 149 | 2.5 | 2100 | 1280: 200 -->
					<torque rpm="350" motorTorque="1042" motorTorqueEco="1042" fuelUsageRatio="233.4"/>
					<torque rpm="700" motorTorque="1482" motorTorqueEco="1482" fuelUsageRatio="213"/>
					<torque rpm="900" motorTorque="1657" motorTorqueEco="1657" fuelUsageRatio="205.6"/>
					<torque rpm="1000" motorTorque="1727" motorTorqueEco="1727" fuelUsageRatio="203"/>
					<torque rpm="1100" motorTorque="1781" motorTorqueEco="1781" fuelUsageRatio="201.3"/>
					<torque rpm="1200" motorTorque="1819" motorTorqueEco="1819" fuelUsageRatio="200.2"/>
					<torque rpm="1300" motorTorque="1842" motorTorqueEco="1842" fuelUsageRatio="200"/>
					<torque rpm="1400" motorTorque="1850" motorTorqueEco="1850" fuelUsageRatio="200.6"/>
					<torque rpm="1500" motorTorque="1850" motorTorqueEco="1850" fuelUsageRatio="202.1"/>
					<torque rpm="1600" motorTorque="1850" motorTorqueEco="1791" fuelUsageRatio="204.4"/>
					<torque rpm="1700" motorTorque="1793" motorTorqueEco="1688" fuelUsageRatio="207.6"/>
					<torque rpm="1800" motorTorque="1697" motorTorqueEco="1596" fuelUsageRatio="211.6"/>
					<torque rpm="1850" motorTorque="1646" motorTorqueEco="1545" fuelUsageRatio="213.9"/>
					<torque rpm="1900" motorTorque="1589" motorTorqueEco="1484" fuelUsageRatio="216.5"/>
					<torque rpm="1950" motorTorque="1526" motorTorqueEco="1412" fuelUsageRatio="219.2"/>
					<torque rpm="2000" motorTorque="1457" motorTorqueEco="1331" fuelUsageRatio="222.2"/>
					<torque rpm="2050" motorTorque="1362" motorTorqueEco="1244" fuelUsageRatio="236.7"/>
					<torque rpm="2100" motorTorque="919" motorTorqueEco="840" fuelUsageRatio="304.2"/>
					<torque rpm="2150" motorTorque="0" motorTorqueEco="0" fuelUsageRatio="444.4"/>
				</engine>
			</engines>
		</gearboxMogli>	
	</vehicle>
	
	<vehicle>newHollandT5
		<configFile xmlName="data/vehicles/steerable/newHolland/newHollandT5.xml"/>
		
		<!-- http://agriculture1.newholland.com/eu/de-de/maschinen/produkte/traktoren/t5-tier-4b/technische-informationen -->
		<!-- http://www.dlg-test.de/tests/0814_CaseIH_Farmall_115.pdf -->
		<gearboxMogli >
			<gears automatic="true" defaultGear="3" shiftTimeMs="500">
				<gear speed="10.2"/>
				<gear speed="18.4"/>
				<gear speed="30.2"/>
				<gear speed="51.2"/>
			</gears>
			
			<ranges automatic="true" defaultRange="2" clutchRatio="1" shiftTimeMs="0">
				<range ratio="0.58" name="L"/>
				<range ratio="0.70" name="M"/>
				<range ratio="0.83" name="H"/>
				<range ratio="1"    name="S"/>
			</ranges>
			
			<ranges defaultRange="2">
				<range ratio="0.3" name="-" />
				<range ratio="1"   name="" />
			</ranges>
			
			<reverse ratio="1" resetRange="false" resetGear="false"/>
			
			<engines>
				<engine name="T5.100" idleRpm="1000" ratedRpm="2300">
					<!-- 2300: 99(99) | 2300: 99(99) | 1500..1500: 430(430) | 90 | 0.7 | 149 | 2.5 | 2400 | 1500: 226 -->
					<torque rpm="350" motorTorque="216" fuelUsageRatio="271.7"/>
					<torque rpm="700" motorTorque="330" fuelUsageRatio="245"/>
					<torque rpm="900" motorTorque="370" fuelUsageRatio="234.1"/>
					<torque rpm="1000" motorTorque="387" fuelUsageRatio="229.8"/>
					<torque rpm="1100" motorTorque="402" fuelUsageRatio="226.3"/>
					<torque rpm="1200" motorTorque="415" fuelUsageRatio="223.5"/>
					<torque rpm="1300" motorTorque="423" fuelUsageRatio="221.6"/>
					<torque rpm="1400" motorTorque="428" fuelUsageRatio="220.4"/>
					<torque rpm="1500" motorTorque="430" fuelUsageRatio="220"/>
					<torque rpm="1600" motorTorque="418" fuelUsageRatio="220.4"/>
					<torque rpm="1700" motorTorque="405" fuelUsageRatio="221.5"/>
					<torque rpm="1800" motorTorque="385" fuelUsageRatio="223.4"/>
					<torque rpm="1850" motorTorque="374" fuelUsageRatio="224.7"/>
					<torque rpm="1900" motorTorque="365" fuelUsageRatio="226.1"/>
					<torque rpm="1950" motorTorque="355" fuelUsageRatio="227.7"/>
					<torque rpm="2000" motorTorque="347" fuelUsageRatio="229.5"/>
					<torque rpm="2050" motorTorque="338" fuelUsageRatio="231.6"/>
					<torque rpm="2100" motorTorque="330" fuelUsageRatio="233.8"/>
					<torque rpm="2150" motorTorque="323" fuelUsageRatio="236.1"/>
					<torque rpm="2200" motorTorque="316" fuelUsageRatio="238.7"/>
					<torque rpm="2250" motorTorque="309" fuelUsageRatio="241.5"/>
					<torque rpm="2300" motorTorque="302" fuelUsageRatio="244.4"/>
					<torque rpm="2350" motorTorque="283" fuelUsageRatio="260.4"/>
					<torque rpm="2400" motorTorque="191" fuelUsageRatio="334.6"/>
					<torque rpm="2450" motorTorque="0" fuelUsageRatio="488.9"/>
				</engine>

				<engine name="T5.120" idleRpm="1000" ratedRpm="2300">
					<!-- 2300: 117(117) | 2300: 117(117) | 1500..1500: 491(491) | 90 | 0.7 | 149 | 2.5 | 2400 | 1500: 220 -->
					<torque rpm="350" motorTorque="247" fuelUsageRatio="271.7"/>
					<torque rpm="700" motorTorque="376" fuelUsageRatio="245"/>
					<torque rpm="900" motorTorque="422" fuelUsageRatio="234.1"/>
					<torque rpm="1000" motorTorque="442" fuelUsageRatio="229.8"/>
					<torque rpm="1100" motorTorque="460" fuelUsageRatio="226.3"/>
					<torque rpm="1200" motorTorque="473" fuelUsageRatio="223.5"/>
					<torque rpm="1300" motorTorque="483" fuelUsageRatio="221.6"/>
					<torque rpm="1400" motorTorque="489" fuelUsageRatio="220.4"/>
					<torque rpm="1500" motorTorque="491" fuelUsageRatio="220"/>
					<torque rpm="1600" motorTorque="479" fuelUsageRatio="220.4"/>
					<torque rpm="1700" motorTorque="465" fuelUsageRatio="221.5"/>
					<torque rpm="1800" motorTorque="450" fuelUsageRatio="223.4"/>
					<torque rpm="1850" motorTorque="442" fuelUsageRatio="224.7"/>
					<torque rpm="1900" motorTorque="431" fuelUsageRatio="226.1"/>
					<torque rpm="1950" motorTorque="420" fuelUsageRatio="227.7"/>
					<torque rpm="2000" motorTorque="410" fuelUsageRatio="229.5"/>
					<torque rpm="2050" motorTorque="400" fuelUsageRatio="231.6"/>
					<torque rpm="2100" motorTorque="391" fuelUsageRatio="233.8"/>
					<torque rpm="2150" motorTorque="382" fuelUsageRatio="236.1"/>
					<torque rpm="2200" motorTorque="373" fuelUsageRatio="238.7"/>
					<torque rpm="2250" motorTorque="365" fuelUsageRatio="241.5"/>
					<torque rpm="2300" motorTorque="357" fuelUsageRatio="244.4"/>
					<torque rpm="2350" motorTorque="334" fuelUsageRatio="260.4"/>
					<torque rpm="2400" motorTorque="225" fuelUsageRatio="334.6"/>
					<torque rpm="2450" motorTorque="0" fuelUsageRatio="488.9"/>
				</engine>
			</engines>
		</gearboxMogli>
	</vehicle>
		
	<vehicle>newHollandT6
		<configFile xmlName="data/vehicles/steerable/newHolland/newHollandT6.xml"/>
	
		<!-- 17X16 AutoShift with 50 km/h -->
		<!-- http://www.dlg-test.de/pbdocs/traktoren/NH_T6-160_SPS.pdf -->
		<gearboxMogli  ptoRpm="1900">
			<gears shiftTimeMs="0" clutchRatio="1" defaultGear="11" automatic="true" >		
				<gear speed="1.61"/>
				<gear speed="1.99"/>
				<gear speed="2.46"/>
				<gear speed="3.04"/>
				<gear speed="3.75"/>
				<gear speed="4.63"/>
				<gear speed="5.71"/>
				<gear speed="7.05"/>
				<gear speed="8.71"/>
				<gear speed="10.8"/>
				<gear speed="13.3"/>
				<gear speed="16.4"/>
				<gear speed="20.2"/>
				<gear speed="25"/>
				<gear speed="30.8"/>
				<gear speed="38.1"/>
				<gear speed="47" forwardOnly="true"/>
			</gears>
			
			<engines>
				<engine name="T6.140" idleRpm="900" ratedRpm="2200">
					<!-- 1900: 143(121) | 2200: 131(110) | 1500..1500: 590(498) | 90 | 0.7 | 149 | 2.5 | 2300 | 1420: 218 -->
					<torque rpm="350" motorTorque="348" motorTorqueEco="294" fuelUsageRatio="259"/>
					<torque rpm="700" motorTorque="489" motorTorqueEco="413" fuelUsageRatio="236.6"/>
					<torque rpm="900" motorTorque="531" motorTorqueEco="448" fuelUsageRatio="227.7"/>
					<torque rpm="1000" motorTorque="549" motorTorqueEco="463" fuelUsageRatio="224.3"/>
					<torque rpm="1100" motorTorque="564" motorTorqueEco="476" fuelUsageRatio="221.7"/>
					<torque rpm="1200" motorTorque="575" motorTorqueEco="486" fuelUsageRatio="219.7"/>
					<torque rpm="1300" motorTorque="583" motorTorqueEco="492" fuelUsageRatio="218.5"/>
					<torque rpm="1400" motorTorque="588" motorTorqueEco="497" fuelUsageRatio="218"/>
					<torque rpm="1500" motorTorque="590" motorTorqueEco="498" fuelUsageRatio="218.3"/>
					<torque rpm="1600" motorTorque="578" motorTorqueEco="488" fuelUsageRatio="219.3"/>
					<torque rpm="1700" motorTorque="564" motorTorqueEco="476" fuelUsageRatio="221.1"/>
					<torque rpm="1800" motorTorque="547" motorTorqueEco="463" fuelUsageRatio="223.7"/>
					<torque rpm="1850" motorTorque="538" motorTorqueEco="455" fuelUsageRatio="225.4"/>
					<torque rpm="1900" motorTorque="529" motorTorqueEco="447" fuelUsageRatio="227.2"/>
					<torque rpm="1950" motorTorque="514" motorTorqueEco="435" fuelUsageRatio="229.2"/>
					<torque rpm="2000" motorTorque="497" motorTorqueEco="421" fuelUsageRatio="231.4"/>
					<torque rpm="2050" motorTorque="480" motorTorqueEco="405" fuelUsageRatio="233.8"/>
					<torque rpm="2100" motorTorque="460" motorTorqueEco="388" fuelUsageRatio="236.4"/>
					<torque rpm="2150" motorTorque="440" motorTorqueEco="370" fuelUsageRatio="239.2"/>
					<torque rpm="2200" motorTorque="418" motorTorqueEco="351" fuelUsageRatio="242.2"/>
					<torque rpm="2250" motorTorque="391" motorTorqueEco="328" fuelUsageRatio="258"/>
					<torque rpm="2300" motorTorque="264" motorTorqueEco="222" fuelUsageRatio="331.6"/>
					<torque rpm="2350" motorTorque="0" motorTorqueEco="0" fuelUsageRatio="484.4"/>
				</engine>
				<engine name="T6.160" idleRpm="900" ratedRpm="2200">
					<!-- 1900: 163(143) | 2200: 150(131) | 1500..1500: 676(590) | 90 | 0.7 | 149 | 2.5 | 2300 | 1420: 218 -->
					<torque rpm="350" motorTorque="399" motorTorqueEco="348" fuelUsageRatio="259"/>
					<torque rpm="700" motorTorque="561" motorTorqueEco="489" fuelUsageRatio="236.6"/>
					<torque rpm="900" motorTorque="608" motorTorqueEco="531" fuelUsageRatio="227.7"/>
					<torque rpm="1000" motorTorque="629" motorTorqueEco="549" fuelUsageRatio="224.3"/>
					<torque rpm="1100" motorTorque="646" motorTorqueEco="564" fuelUsageRatio="221.7"/>
					<torque rpm="1200" motorTorque="659" motorTorqueEco="575" fuelUsageRatio="219.7"/>
					<torque rpm="1300" motorTorque="668" motorTorqueEco="583" fuelUsageRatio="218.5"/>
					<torque rpm="1400" motorTorque="674" motorTorqueEco="588" fuelUsageRatio="218"/>
					<torque rpm="1500" motorTorque="676" motorTorqueEco="590" fuelUsageRatio="218.3"/>
					<torque rpm="1600" motorTorque="662" motorTorqueEco="578" fuelUsageRatio="219.3"/>
					<torque rpm="1700" motorTorque="645" motorTorqueEco="564" fuelUsageRatio="221.1"/>
					<torque rpm="1800" motorTorque="625" motorTorqueEco="547" fuelUsageRatio="223.7"/>
					<torque rpm="1850" motorTorque="614" motorTorqueEco="538" fuelUsageRatio="225.4"/>
					<torque rpm="1900" motorTorque="602" motorTorqueEco="529" fuelUsageRatio="227.2"/>
					<torque rpm="1950" motorTorque="586" motorTorqueEco="514" fuelUsageRatio="229.2"/>
					<torque rpm="2000" motorTorque="567" motorTorqueEco="497" fuelUsageRatio="231.4"/>
					<torque rpm="2050" motorTorque="547" motorTorqueEco="480" fuelUsageRatio="233.8"/>
					<torque rpm="2100" motorTorque="526" motorTorqueEco="460" fuelUsageRatio="236.4"/>
					<torque rpm="2150" motorTorque="503" motorTorqueEco="440" fuelUsageRatio="239.2"/>
					<torque rpm="2200" motorTorque="479" motorTorqueEco="418" fuelUsageRatio="242.2"/>
					<torque rpm="2250" motorTorque="448" motorTorqueEco="391" fuelUsageRatio="258"/>
					<torque rpm="2300" motorTorque="302" motorTorqueEco="264" fuelUsageRatio="331.6"/>
					<torque rpm="2350" motorTorque="0" motorTorqueEco="0" fuelUsageRatio="484.4"/>
				</engine>
			</engines>
		</gearboxMogli>	
	</vehicle>
		
	<vehicle>newHollandT8
		<configFile xmlName="data/vehicles/steerable/newHolland/newHollandT8.xml"/>
	
		<!-- ultra command 19.4 with 50 km/h -->
		<!-- http://www.dlg-test.de/tests/0512_NewHolland_T8_390.pdf -->
		<gearboxMogli>
			<gears shiftTimeMs="0" clutchRatio="1" defaultGear="11" automatic="true" >		
				<gear speed="2.07" forwardOnly="true"/>
				<gear speed="2.49" forwardOnly="true"/>
				<gear speed="2.99" forwardOnly="true"/>
				<gear speed="3.6"  />
				<gear speed="4.33" />
				<gear speed="5.2"  forwardOnly="true"/>
				<gear speed="6.25" forwardOnly="true"/>
				<gear speed="7.52" forwardOnly="true"/>
				<gear speed="9.04" />
				<gear speed="10.9" />
				<gear speed="13.1" forwardOnly="true"/>
				<gear speed="15.7" forwardOnly="true"/>
				<gear speed="18.9" forwardOnly="true"/>
				<gear speed="22.7" forwardOnly="true"/>
				<gear speed="27.3" forwardOnly="true"/>
				<gear speed="32.8" forwardOnly="true"/>
				<gear speed="39.4" forwardOnly="true"/>
				<gear speed="47.4" forwardOnly="true"/>
				<gear speed="57"   forwardOnly="true"/>			
			</gears>
			
			<engines>
				<engine name="T8.320" idleRpm="800" ratedRpm="2000">
					<!-- 1800: 320(284) | 2000: 286(250) | 1300..1300: 1407(1407) | 70 | 0.4 | 149 | 2.5 | 2100 | 1280: 210 -->
					<torque rpm="350" motorTorque="379" motorTorqueEco="379" fuelUsageRatio="245"/>
					<torque rpm="700" motorTorque="820" motorTorqueEco="820" fuelUsageRatio="223.6"/>
					<torque rpm="900" motorTorque="1137" motorTorqueEco="1137" fuelUsageRatio="215.8"/>
					<torque rpm="1000" motorTorque="1255" motorTorqueEco="1255" fuelUsageRatio="213.2"/>
					<torque rpm="1100" motorTorque="1339" motorTorqueEco="1339" fuelUsageRatio="211.3"/>
					<torque rpm="1200" motorTorque="1390" motorTorqueEco="1390" fuelUsageRatio="210.3"/>
					<torque rpm="1300" motorTorque="1407" motorTorqueEco="1407" fuelUsageRatio="210"/>
					<torque rpm="1400" motorTorque="1391" motorTorqueEco="1376" fuelUsageRatio="210.6"/>
					<torque rpm="1500" motorTorque="1366" motorTorqueEco="1325" fuelUsageRatio="212.2"/>
					<torque rpm="1600" motorTorque="1335" motorTorqueEco="1244" fuelUsageRatio="214.6"/>
					<torque rpm="1700" motorTorque="1295" motorTorqueEco="1172" fuelUsageRatio="217.9"/>
					<torque rpm="1800" motorTorque="1248" motorTorqueEco="1108" fuelUsageRatio="222.2"/>
					<torque rpm="1850" motorTorque="1207" motorTorqueEco="1070" fuelUsageRatio="224.6"/>
					<torque rpm="1900" motorTorque="1151" motorTorqueEco="1018" fuelUsageRatio="227.3"/>
					<torque rpm="1950" motorTorque="1083" motorTorqueEco="954" fuelUsageRatio="230.2"/>
					<torque rpm="2000" motorTorque="1004" motorTorqueEco="878" fuelUsageRatio="233.3"/>
					<torque rpm="2050" motorTorque="939" motorTorqueEco="820" fuelUsageRatio="248.6"/>
					<torque rpm="2100" motorTorque="634" motorTorqueEco="554" fuelUsageRatio="319.4"/>
					<torque rpm="2150" motorTorque="0" motorTorqueEco="0" fuelUsageRatio="466.7"/>
				</engine>

				<engine name="T8.380" idleRpm="800" ratedRpm="2000">
					<!-- 1800: 381(347) | 2000: 347(311) | 1300..1300: 1708(1708) | 70 | 0.4 | 149 | 2.5 | 2100 | 1280: 210 -->
					<torque rpm="350" motorTorque="460" motorTorqueEco="460" fuelUsageRatio="245"/>
					<torque rpm="700" motorTorque="996" motorTorqueEco="996" fuelUsageRatio="223.6"/>
					<torque rpm="900" motorTorque="1380" motorTorqueEco="1380" fuelUsageRatio="215.8"/>
					<torque rpm="1000" motorTorque="1524" motorTorqueEco="1524" fuelUsageRatio="213.2"/>
					<torque rpm="1100" motorTorque="1626" motorTorqueEco="1626" fuelUsageRatio="211.3"/>
					<torque rpm="1200" motorTorque="1688" motorTorqueEco="1688" fuelUsageRatio="210.3"/>
					<torque rpm="1300" motorTorque="1708" motorTorqueEco="1708" fuelUsageRatio="210"/>
					<torque rpm="1400" motorTorque="1685" motorTorqueEco="1671" fuelUsageRatio="210.6"/>
					<torque rpm="1500" motorTorque="1651" motorTorqueEco="1617" fuelUsageRatio="212.2"/>
					<torque rpm="1600" motorTorque="1607" motorTorqueEco="1520" fuelUsageRatio="214.6"/>
					<torque rpm="1700" motorTorque="1552" motorTorqueEco="1432" fuelUsageRatio="217.9"/>
					<torque rpm="1800" motorTorque="1486" motorTorqueEco="1354" fuelUsageRatio="222.2"/>
					<torque rpm="1850" motorTorque="1438" motorTorqueEco="1309" fuelUsageRatio="224.6"/>
					<torque rpm="1900" motorTorque="1377" motorTorqueEco="1249" fuelUsageRatio="227.3"/>
					<torque rpm="1950" motorTorque="1303" motorTorqueEco="1177" fuelUsageRatio="230.2"/>
					<torque rpm="2000" motorTorque="1218" motorTorqueEco="1092" fuelUsageRatio="233.3"/>
					<torque rpm="2050" motorTorque="1139" motorTorqueEco="1021" fuelUsageRatio="248.6"/>
					<torque rpm="2100" motorTorque="769" motorTorqueEco="689" fuelUsageRatio="319.4"/>
					<torque rpm="2150" motorTorque="0" motorTorqueEco="0" fuelUsageRatio="466.7"/>
				</engine>

				<!-- this combination is not correct, T8.435 => auto command -->
				<engine name="T8.435" idleRpm="800" ratedRpm="2000">
					<!-- 1800: 435(417) | 2000: 415(380) | 1300..1400: 1850(1850) | 70 | 0.4 | 149 | 2.5 | 2100 | 1280: 210 -->
					<torque rpm="350" motorTorque="498" motorTorqueEco="498" fuelUsageRatio="245"/>
					<torque rpm="700" motorTorque="1079" motorTorqueEco="1079" fuelUsageRatio="223.6"/>
					<torque rpm="900" motorTorque="1495" motorTorqueEco="1495" fuelUsageRatio="215.8"/>
					<torque rpm="1000" motorTorque="1650" motorTorqueEco="1650" fuelUsageRatio="213.2"/>
					<torque rpm="1100" motorTorque="1761" motorTorqueEco="1761" fuelUsageRatio="211.3"/>
					<torque rpm="1200" motorTorque="1828" motorTorqueEco="1828" fuelUsageRatio="210.3"/>
					<torque rpm="1300" motorTorque="1850" motorTorqueEco="1850" fuelUsageRatio="210"/>
					<torque rpm="1400" motorTorque="1850" motorTorqueEco="1850" fuelUsageRatio="210.6"/>
					<torque rpm="1500" motorTorque="1829" motorTorqueEco="1819" fuelUsageRatio="212.2"/>
					<torque rpm="1600" motorTorque="1796" motorTorqueEco="1772" fuelUsageRatio="214.6"/>
					<torque rpm="1700" motorTorque="1752" motorTorqueEco="1708" fuelUsageRatio="217.9"/>
					<torque rpm="1800" motorTorque="1697" motorTorqueEco="1627" fuelUsageRatio="222.2"/>
					<torque rpm="1850" motorTorque="1646" motorTorqueEco="1574" fuelUsageRatio="224.6"/>
					<torque rpm="1900" motorTorque="1589" motorTorqueEco="1507" fuelUsageRatio="227.3"/>
					<torque rpm="1950" motorTorque="1526" motorTorqueEco="1427" fuelUsageRatio="230.2"/>
					<torque rpm="2000" motorTorque="1457" motorTorqueEco="1334" fuelUsageRatio="233.3"/>
					<torque rpm="2050" motorTorque="1362" motorTorqueEco="1247" fuelUsageRatio="248.6"/>
					<torque rpm="2100" motorTorque="919" motorTorqueEco="842" fuelUsageRatio="319.4"/>
					<torque rpm="2150" motorTorque="0" motorTorqueEco="0" fuelUsageRatio="466.7"/>
				</engine>
			</engines>
		</gearboxMogli>	
	</vehicle>
	
	<vehicle>americanTruckOneAxle
		<configFile xmlName="data/vehicles/steerable/americanTruck/americanTruckOneAxle.xml"/>
		
		<gearboxMogli speedLimiter="false">
			<!-- https://origin-www.cat.com/cda/files/2208232/7/LEHT8893-00.pdf -->
			<!-- https://www.youtube.com/watch?v=FTEXLzPjPXw -->
			<realEngine idleRpm="600" ratedRpm="2100">
        <!-- 2000: 450(450) | 2100: 435(435) | 1000..1400: 2238(2238) | 60 | 1 | 149 | 2 | 2200 | 1200: 210 -->
        <torque rpm="350" motorTorque="462" fuelUsageRatio="228.7"/>
        <torque rpm="700" motorTorque="1734" fuelUsageRatio="216.5"/>
        <torque rpm="900" motorTorque="2182" fuelUsageRatio="212.3"/>
        <torque rpm="1000" motorTorque="2238" fuelUsageRatio="211"/>
        <torque rpm="1100" motorTorque="2238" fuelUsageRatio="210.3"/>
        <torque rpm="1200" motorTorque="2238" fuelUsageRatio="210"/>
        <torque rpm="1300" motorTorque="2238" fuelUsageRatio="210.3"/>
        <torque rpm="1400" motorTorque="2238" fuelUsageRatio="211.2"/>
        <torque rpm="1500" motorTorque="2096" fuelUsageRatio="212.6"/>
        <torque rpm="1600" motorTorque="1967" fuelUsageRatio="214.6"/>
        <torque rpm="1700" motorTorque="1853" fuelUsageRatio="217.2"/>
        <torque rpm="1800" motorTorque="1752" fuelUsageRatio="220.4"/>
        <torque rpm="1850" motorTorque="1706" fuelUsageRatio="222.2"/>
        <torque rpm="1900" motorTorque="1661" fuelUsageRatio="224.1"/>
        <torque rpm="1950" motorTorque="1620" fuelUsageRatio="226.2"/>
        <torque rpm="2000" motorTorque="1580" fuelUsageRatio="228.4"/>
        <torque rpm="2050" motorTorque="1529" fuelUsageRatio="230.8"/>
        <torque rpm="2100" motorTorque="1455" fuelUsageRatio="233.3"/>
        <torque rpm="2150" motorTorque="1291" fuelUsageRatio="248.6"/>
        <torque rpm="2200" motorTorque="799" fuelUsageRatio="319.4"/>
        <torque rpm="2250" motorTorque="0" fuelUsageRatio="466.7"/>
			</realEngine> 
			
			<!-- http://www.eaton.com/ecm/idcplg?IdcService=GET_FILE&allowInterrupt=1&RevisionSelectionMethod=LatestReleased&noSaveAs=0&Rendition=Primary&dDocName=RR_RRSL-0001 -->
			<!-- eaton fuller ultrashift plus VHP, axle ratio 3.70, with tire 275/80 R 22.5 -->
			<!-- http://www.roadranger.com/ecm/groups/public/@pub/@eaton/@roadranger/documents/content/ct_062746.swf -->
			<gears axleSpeed="3.70" defaultGear="5" automatic="true">
				<gear name="R1" reverseOnly="true" inverseRatio="15.06"/>
				<gear name="1"  forwardOnly="true" inverseRatio="12.29"/>
				<gear name="R2" reverseOnly="true" inverseRatio="12.85"/>
				<gear name="2"  forwardOnly="true" inverseRatio="8.51"/>
				<gear name="3"  forwardOnly="true" inverseRatio="6.05"/>
				<gear name="4"  forwardOnly="true" inverseRatio="4.38"/>
				<gear name="R3" reverseOnly="true" inverseRatio="4.03"/>
				<gear name="5"  forwardOnly="true" inverseRatio="3.2"/>
				<gear name="6"  forwardOnly="true" inverseRatio="2.29"/>
				<gear name="7"  forwardOnly="true" inverseRatio="1.95"/>
				<gear name="8"  forwardOnly="true" inverseRatio="1.62"/>
				<gear name="9"  forwardOnly="true" inverseRatio="1.38"/>
				<gear name="10" forwardOnly="true" inverseRatio="1.17"/>
				<gear name="11" forwardOnly="true" inverseRatio="1"/>
				<gear name="12" forwardOnly="true" inverseRatio="0.86"/>
				<gear name="13" forwardOnly="true" inverseRatio="0.73"/>
			</gears>
		</gearboxMogli>		
	</vehicle>
		
	<vehicle>americanTruckDualAxle
		<configFile xmlName="data/vehicles/steerable/americanTruck/americanTruckDualAxle.xml"/>
		
		<gearboxMogli speedLimiter="false">
			<!-- https://origin-www.cat.com/cda/files/2208232/7/LEHT8893-00.pdf -->
			<!-- https://www.youtube.com/watch?v=FTEXLzPjPXw -->
			<realEngine idleRpm="600" ratedRpm="2100">
        <!-- 1600: 545(545) | 2100: 550(550) | 1000..1400: 2509(2509) | 60 | 1 | 149 | 2 | 2200 | 1200: 210 -->
        <torque rpm="350" motorTorque="518" fuelUsageRatio="228.7"/>
        <torque rpm="700" motorTorque="1944" fuelUsageRatio="216.5"/>
        <torque rpm="900" motorTorque="2446" fuelUsageRatio="212.3"/>
        <torque rpm="1000" motorTorque="2509" fuelUsageRatio="211"/>
        <torque rpm="1100" motorTorque="2509" fuelUsageRatio="210.3"/>
        <torque rpm="1200" motorTorque="2509" fuelUsageRatio="210"/>
        <torque rpm="1300" motorTorque="2509" fuelUsageRatio="210.3"/>
        <torque rpm="1400" motorTorque="2509" fuelUsageRatio="211.2"/>
        <torque rpm="1500" motorTorque="2450" fuelUsageRatio="212.6"/>
        <torque rpm="1600" motorTorque="2392" fuelUsageRatio="214.6"/>
        <torque rpm="1700" motorTorque="2252" fuelUsageRatio="217.2"/>
        <torque rpm="1800" motorTorque="2129" fuelUsageRatio="220.4"/>
        <torque rpm="1850" motorTorque="2073" fuelUsageRatio="222.2"/>
        <torque rpm="1900" motorTorque="2021" fuelUsageRatio="224.1"/>
        <torque rpm="1950" motorTorque="1971" fuelUsageRatio="226.2"/>
        <torque rpm="2000" motorTorque="1925" fuelUsageRatio="228.4"/>
        <torque rpm="2050" motorTorque="1881" fuelUsageRatio="230.8"/>
        <torque rpm="2100" motorTorque="1839" fuelUsageRatio="233.3"/>
        <torque rpm="2150" motorTorque="1632" fuelUsageRatio="248.6"/>
        <torque rpm="2200" motorTorque="1011" fuelUsageRatio="319.4"/>
        <torque rpm="2250" motorTorque="0" fuelUsageRatio="466.7"/>
			</realEngine> 
			
			<!-- http://www.eaton.com/ecm/idcplg?IdcService=GET_FILE&allowInterrupt=1&RevisionSelectionMethod=LatestReleased&noSaveAs=0&Rendition=Primary&dDocName=RR_RRSL-0001 -->
			<!-- eaton fuller ultrashift plus VHP, axle ratio 3.70, with tire 275/80 R 22.5 -->
			<!-- http://www.roadranger.com/ecm/groups/public/@pub/@eaton/@roadranger/documents/content/ct_062746.swf -->
			<gears axleSpeed="3.70" defaultGear="5" automatic="true">
				<gear name="R1" reverseOnly="true" inverseRatio="15.06"/>
				<gear name="1"  forwardOnly="true" inverseRatio="12.29"/>
				<gear name="R2" reverseOnly="true" inverseRatio="12.85"/>
				<gear name="2"  forwardOnly="true" inverseRatio="8.51"/>
				<gear name="3"  forwardOnly="true" inverseRatio="6.05"/>
				<gear name="4"  forwardOnly="true" inverseRatio="4.38"/>
				<gear name="R3" reverseOnly="true" inverseRatio="4.03"/>
				<gear name="5"  forwardOnly="true" inverseRatio="3.2"/>
				<gear name="6"  forwardOnly="true" inverseRatio="2.29"/>
				<gear name="7"  forwardOnly="true" inverseRatio="1.95"/>
				<gear name="8"  forwardOnly="true" inverseRatio="1.62"/>
				<gear name="9"  forwardOnly="true" inverseRatio="1.38"/>
				<gear name="10" forwardOnly="true" inverseRatio="1.17"/>
				<gear name="11" forwardOnly="true" inverseRatio="1"/>
				<gear name="12" forwardOnly="true" inverseRatio="0.86"/>
				<gear name="13" forwardOnly="true" inverseRatio="0.73"/>
			</gears>
		</gearboxMogli>		
	</vehicle>
		
	<vehicle>MF5600
		<configFile xmlName="data/vehicles/steerable/masseyFerguson/MF5600.xml"/>
		
		<!-- http://read.uberflip.com/i/596442-mf-5700-sl-de -->
		<!-- http://www.dlg-test.de/tests/0514_MF_7615_Dyna6.pdf -->
		<gearboxMogli maxBackwardSpeed="42" maxForwardSpeed="42" ptoRpm="2000" ptoRpmEco="1560" maxAIRange="3">
			<gears shiftTimeMs="800" defaultGear="3">	
				<gear speed="4.5"/>
				<gear speed="11"/>
				<gear speed="23"/>
				<gear speed="48"/>
			</gears>

			<ranges defaultRange="1" shiftTimeMs="0" clutchRatio="1"  automatic="true">
				<range ratio="0.416" name="A" />
				<range ratio="0.495" name="B" />
				<range ratio="0.584" name="C" />
				<range ratio="0.703" name="D" />
				<range ratio="0.831" name="E" />
				<range ratio="1"     name="F" />
			</ranges>
			
			<reverse resetGear="false" resetRange="false" /> 

			<realEngine idleRpm="800" ratedRpm="2200">		
        <!-- 2000: 120(120) | 2200: 114(114) | 1600..1600: 502(502) | 85 | 0.8 | 249 | 1.7 | 2300 | 1360: 207 -->
        <torque rpm="350" motorTorque="303" fuelUsageRatio="236.9"/>
        <torque rpm="700" motorTorque="408" fuelUsageRatio="219.8"/>
        <torque rpm="900" motorTorque="444" fuelUsageRatio="213.2"/>
        <torque rpm="1000" motorTorque="460" fuelUsageRatio="210.8"/>
        <torque rpm="1100" motorTorque="473" fuelUsageRatio="209"/>
        <torque rpm="1200" motorTorque="483" fuelUsageRatio="207.8"/>
        <torque rpm="1300" motorTorque="491" fuelUsageRatio="207.1"/>
        <torque rpm="1400" motorTorque="497" fuelUsageRatio="207.1"/>
        <torque rpm="1500" motorTorque="501" fuelUsageRatio="207.6"/>
        <torque rpm="1600" motorTorque="502" fuelUsageRatio="208.9"/>
        <torque rpm="1700" motorTorque="485" fuelUsageRatio="210.8"/>
        <torque rpm="1800" motorTorque="466" fuelUsageRatio="213.3"/>
        <torque rpm="1850" motorTorque="455" fuelUsageRatio="214.8"/>
        <torque rpm="1900" motorTorque="443" fuelUsageRatio="216.5"/>
        <torque rpm="1950" motorTorque="432" fuelUsageRatio="218.3"/>
        <torque rpm="2000" motorTorque="421" fuelUsageRatio="220.4"/>
        <torque rpm="2050" motorTorque="410" fuelUsageRatio="222.5"/>
        <torque rpm="2100" motorTorque="396" fuelUsageRatio="224.8"/>
        <torque rpm="2150" motorTorque="381" fuelUsageRatio="227.3"/>
        <torque rpm="2200" motorTorque="364" fuelUsageRatio="230"/>
        <torque rpm="2250" motorTorque="340" fuelUsageRatio="234.2"/>
        <torque rpm="2300" motorTorque="287" fuelUsageRatio="253.5"/>
        <torque rpm="2350" motorTorque="210" fuelUsageRatio="294.8"/>
        <torque rpm="2400" motorTorque="113" fuelUsageRatio="363"/>
        <torque rpm="2450" motorTorque="0" fuelUsageRatio="460"/>
			</realEngine>
		</gearboxMogli>			
	</vehicle>

	<vehicle>
		<mod name="MF_6613">
			<link href="http://fs-uk.com/mods/view/37255/massey-ferguson-pack" />
			<xmlFile name="MF7726.xml"/>
		</mod>
		
		<!-- http://read.uberflip.com/i/338519-mf-6600-prospekt-de -->
		<!-- http://www.dlg-test.de/tests/0514_MF_7615_Dyna6.pdf -->
		<gearboxMogli maxBackwardSpeed="52" maxForwardSpeed="52" ptoRpm="2030" ptoRpmEco="1570" maxAIRange="3">
			<gears shiftTimeMs="800" defaultGear="3">	
				<gear speed="5"/>
				<gear speed="12.5"/>
				<gear speed="27"/>
				<gear speed="56.4"/>
			</gears>

			<ranges defaultRange="1" shiftTimeMs="0" clutchRatio="1"  automatic="true">
				<range ratio="0.416" name="A" />
				<range ratio="0.495" name="B" />
				<range ratio="0.584" name="C" />
				<range ratio="0.703" name="D" />
				<range ratio="0.831" name="E" />
				<range ratio="1"     name="F" />
			</ranges>
			
			<reverse resetGear="false" resetRange="false" /> 

			<realEngine idleRpm="800" ratedRpm="2200">		
        <!-- 1950: 150(125) | 2200: 135(115) | 1500..1500: 648(553) | 85 | 0.5 | 249 | 1.7 | 2300 | 1360: 207 -->
        <torque rpm="350" motorTorque="381" motorTorqueEco="325" fuelUsageRatio="236.9"/>
        <torque rpm="700" motorTorque="524" motorTorqueEco="447" fuelUsageRatio="219.8"/>
        <torque rpm="900" motorTorque="577" motorTorqueEco="492" fuelUsageRatio="213.2"/>
        <torque rpm="1000" motorTorque="598" motorTorqueEco="511" fuelUsageRatio="210.8"/>
        <torque rpm="1100" motorTorque="616" motorTorqueEco="526" fuelUsageRatio="209"/>
        <torque rpm="1200" motorTorque="630" motorTorqueEco="538" fuelUsageRatio="207.8"/>
        <torque rpm="1300" motorTorque="640" motorTorqueEco="546" fuelUsageRatio="207.1"/>
        <torque rpm="1400" motorTorque="646" motorTorqueEco="551" fuelUsageRatio="207.1"/>
        <torque rpm="1500" motorTorque="648" motorTorqueEco="553" fuelUsageRatio="207.6"/>
        <torque rpm="1600" motorTorque="633" motorTorqueEco="539" fuelUsageRatio="208.9"/>
        <torque rpm="1700" motorTorque="613" motorTorqueEco="516" fuelUsageRatio="210.8"/>
        <torque rpm="1800" motorTorque="585" motorTorqueEco="488" fuelUsageRatio="213.3"/>
        <torque rpm="1850" motorTorque="569" motorTorqueEco="474" fuelUsageRatio="214.8"/>
        <torque rpm="1900" motorTorque="554" motorTorqueEco="462" fuelUsageRatio="216.5"/>
        <torque rpm="1950" motorTorque="540" motorTorqueEco="450" fuelUsageRatio="218.3"/>
        <torque rpm="2000" motorTorque="525" motorTorqueEco="437" fuelUsageRatio="220.4"/>
        <torque rpm="2050" motorTorque="506" motorTorqueEco="423" fuelUsageRatio="222.5"/>
        <torque rpm="2100" motorTorque="484" motorTorqueEco="406" fuelUsageRatio="224.8"/>
        <torque rpm="2150" motorTorque="459" motorTorqueEco="387" fuelUsageRatio="227.3"/>
        <torque rpm="2200" motorTorque="431" motorTorqueEco="367" fuelUsageRatio="230"/>
        <torque rpm="2250" motorTorque="403" motorTorqueEco="343" fuelUsageRatio="234.2"/>
        <torque rpm="2300" motorTorque="340" motorTorqueEco="289" fuelUsageRatio="253.5"/>
        <torque rpm="2350" motorTorque="249" motorTorqueEco="212" fuelUsageRatio="294.8"/>
        <torque rpm="2400" motorTorque="134" motorTorqueEco="114" fuelUsageRatio="363"/>
        <torque rpm="2450" motorTorque="0" motorTorqueEco="0" fuelUsageRatio="460"/>
			</realEngine>
		</gearboxMogli>			
	</vehicle>

	<vehicle>
		<mod name="MF_7718">
			<link href="http://fs-uk.com/mods/view/37255/massey-ferguson-pack" />
			<xmlFile name="MF7726.xml"/>
		</mod>
		
		<!-- http://read.uberflip.com/i/499335-mf-7700-prospekt-de -->
		<!-- http://www.dlg-test.de/tests/0514_MF_7615_Dyna6.pdf -->
		<gearboxMogli maxBackwardSpeed="52" maxForwardSpeed="52" ptoRpm="2030" ptoRpmEco="1570" maxAIRange="3">
			<gears shiftTimeMs="800" defaultGear="3">	
				<gear speed="5"/>
				<gear speed="12.5"/>
				<gear speed="27"/>
				<gear speed="56.4"/>
			</gears>

			<ranges defaultRange="1" shiftTimeMs="0" clutchRatio="1"  automatic="true">
				<range ratio="0.416" name="A" />
				<range ratio="0.495" name="B" />
				<range ratio="0.584" name="C" />
				<range ratio="0.703" name="D" />
				<range ratio="0.831" name="E" />
				<range ratio="1"     name="F" />
			</ranges>
			
			<reverse resetGear="false" resetRange="false" /> 

			<engines>
7718, not 7719 => TODO
				<engine name="7719" idleRpm="800" ratedRpm="2200">		
					<!-- 1950: 200(175) | 2200: 180(155) | 1500..1500: 840(744) | 85 | 0.5 | 249 | 1.7 | 2300 | 1360: 207 -->
					<torque rpm="350" motorTorque="493" motorTorqueEco="437" fuelUsageRatio="236.9"/>
					<torque rpm="700" motorTorque="679" motorTorqueEco="601" fuelUsageRatio="219.8"/>
					<torque rpm="900" motorTorque="747" motorTorqueEco="662" fuelUsageRatio="213.2"/>
					<torque rpm="1000" motorTorque="776" motorTorqueEco="687" fuelUsageRatio="210.8"/>
					<torque rpm="1100" motorTorque="799" motorTorqueEco="708" fuelUsageRatio="209"/>
					<torque rpm="1200" motorTorque="817" motorTorqueEco="724" fuelUsageRatio="207.8"/>
					<torque rpm="1300" motorTorque="830" motorTorqueEco="735" fuelUsageRatio="207.1"/>
					<torque rpm="1400" motorTorque="837" motorTorqueEco="742" fuelUsageRatio="207.1"/>
					<torque rpm="1500" motorTorque="840" motorTorqueEco="744" fuelUsageRatio="207.6"/>
					<torque rpm="1600" motorTorque="824" motorTorqueEco="729" fuelUsageRatio="208.9"/>
					<torque rpm="1700" motorTorque="802" motorTorqueEco="707" fuelUsageRatio="210.8"/>
					<torque rpm="1800" motorTorque="773" motorTorqueEco="681" fuelUsageRatio="213.3"/>
					<torque rpm="1850" motorTorque="757" motorTorqueEco="664" fuelUsageRatio="214.8"/>
					<torque rpm="1900" motorTorque="739" motorTorqueEco="647" fuelUsageRatio="216.5"/>
					<torque rpm="1950" motorTorque="720" motorTorqueEco="630" fuelUsageRatio="218.3"/>
					<torque rpm="2000" motorTorque="699" motorTorqueEco="612" fuelUsageRatio="220.4"/>
					<torque rpm="2050" motorTorque="674" motorTorqueEco="588" fuelUsageRatio="222.5"/>
					<torque rpm="2100" motorTorque="645" motorTorqueEco="561" fuelUsageRatio="224.8"/>
					<torque rpm="2150" motorTorque="611" motorTorqueEco="530" fuelUsageRatio="227.3"/>
					<torque rpm="2200" motorTorque="575" motorTorqueEco="495" fuelUsageRatio="230"/>
					<torque rpm="2250" motorTorque="537" motorTorqueEco="462" fuelUsageRatio="234.2"/>
					<torque rpm="2300" motorTorque="453" motorTorqueEco="390" fuelUsageRatio="253.5"/>
					<torque rpm="2350" motorTorque="332" motorTorqueEco="286" fuelUsageRatio="294.8"/>
					<torque rpm="2400" motorTorque="179" motorTorqueEco="154" fuelUsageRatio="363"/>
					<torque rpm="2450" motorTorque="0" motorTorqueEco="0" fuelUsageRatio="460"/>
				</engine>
				
7718, not 7722 => TODO
				<engine name="7722" idleRpm="800" ratedRpm="2200">		
					<!-- 1950: 200(175) | 2200: 180(155) | 1500..1500: 840(744) | 85 | 0.5 | 249 | 1.7 | 2300 | 1360: 207 -->
					<torque rpm="350" motorTorque="493" motorTorqueEco="437" fuelUsageRatio="236.9"/>
					<torque rpm="700" motorTorque="679" motorTorqueEco="601" fuelUsageRatio="219.8"/>
					<torque rpm="900" motorTorque="747" motorTorqueEco="662" fuelUsageRatio="213.2"/>
					<torque rpm="1000" motorTorque="776" motorTorqueEco="687" fuelUsageRatio="210.8"/>
					<torque rpm="1100" motorTorque="799" motorTorqueEco="708" fuelUsageRatio="209"/>
					<torque rpm="1200" motorTorque="817" motorTorqueEco="724" fuelUsageRatio="207.8"/>
					<torque rpm="1300" motorTorque="830" motorTorqueEco="735" fuelUsageRatio="207.1"/>
					<torque rpm="1400" motorTorque="837" motorTorqueEco="742" fuelUsageRatio="207.1"/>
					<torque rpm="1500" motorTorque="840" motorTorqueEco="744" fuelUsageRatio="207.6"/>
					<torque rpm="1600" motorTorque="824" motorTorqueEco="729" fuelUsageRatio="208.9"/>
					<torque rpm="1700" motorTorque="802" motorTorqueEco="707" fuelUsageRatio="210.8"/>
					<torque rpm="1800" motorTorque="773" motorTorqueEco="681" fuelUsageRatio="213.3"/>
					<torque rpm="1850" motorTorque="757" motorTorqueEco="664" fuelUsageRatio="214.8"/>
					<torque rpm="1900" motorTorque="739" motorTorqueEco="647" fuelUsageRatio="216.5"/>
					<torque rpm="1950" motorTorque="720" motorTorqueEco="630" fuelUsageRatio="218.3"/>
					<torque rpm="2000" motorTorque="699" motorTorqueEco="612" fuelUsageRatio="220.4"/>
					<torque rpm="2050" motorTorque="674" motorTorqueEco="588" fuelUsageRatio="222.5"/>
					<torque rpm="2100" motorTorque="645" motorTorqueEco="561" fuelUsageRatio="224.8"/>
					<torque rpm="2150" motorTorque="611" motorTorqueEco="530" fuelUsageRatio="227.3"/>
					<torque rpm="2200" motorTorque="575" motorTorqueEco="495" fuelUsageRatio="230"/>
					<torque rpm="2250" motorTorque="537" motorTorqueEco="462" fuelUsageRatio="234.2"/>
					<torque rpm="2300" motorTorque="453" motorTorqueEco="390" fuelUsageRatio="253.5"/>
					<torque rpm="2350" motorTorque="332" motorTorqueEco="286" fuelUsageRatio="294.8"/>
					<torque rpm="2400" motorTorque="179" motorTorqueEco="154" fuelUsageRatio="363"/>
					<torque rpm="2450" motorTorque="0" motorTorqueEco="0" fuelUsageRatio="460"/>
				</engine>

no BOOST => TODO				
				<engine name="7726" idleRpm="1000" ratedRpm="2250">		
					<torque rpm="0" motorTorque="0"/>
					<torque rpm="700" motorTorque="823"/>
					<torque rpm="800" motorTorque="898"/>
					<torque rpm="900" motorTorque="964"/>
					<torque rpm="1000" motorTorque="1019"/>
					<torque rpm="1100" motorTorque="1064"/>
					<torque rpm="1200" motorTorque="1100"/>
					<torque rpm="1300" motorTorque="1125"/>
					<torque rpm="1400" motorTorque="1140"/>
					<torque rpm="1500" motorTorque="1145"/>
					<torque rpm="1600" motorTorque="1126"/>
					<torque rpm="1700" motorTorque="1101"/>
					<torque rpm="1800" motorTorque="1069"/>
					<torque rpm="1900" motorTorque="1030"/>
					<torque rpm="2000" motorTorque="973"/>
					<torque rpm="2100" motorTorque="853"/>
					<torque rpm="2200" motorTorque="640"/>
					<torque rpm="2300" motorTorque="0"/>
				</engine>
			</engines>
		</gearboxMogli>			
	</vehicle>

	
<!-- ********** ZF variable transmission with 4 gears ******************** -->	
<!-- ********** ZF variable transmission with 4 gears ******************** -->	
<!-- ********** ZF variable transmission with 4 gears ******************** -->	
	<vehicle>deutzFahrSeries7, Mach230VRT
		<configFile xmlName="data/vehicles/steerable/deutz/deutzFahrSeries7.xml"/>
		<configFile xmlName="data/vehicles/steerable/lamborghini/Mach230VRT.xml"/>
		<gearboxMogli maxForwardSpeed="62" maxBackwardSpeed="32">
      <!-- 0.05..60 @1890 / 800..2100 / 2 -->
      <hydrostatic profile="ZF"/>
      <gears automatic="true">
        <gear speed="6.25" name=""/> <!-- 0.05 1.59 4 8-->
        <gear speed="12.5" name=""/> <!-- 0.1 3.17 8 17-->
        <gear speed="25" name=""/> <!-- 0.2 6.35 17 33-->
        <gear speed="50" name=""/> <!-- 0.4 12.7 33 67-->
      </gears>
			
			<engines>
TODO			
				<engine name="7210 TTV" idleRpm="800" ratedRpm="2100">		
					<torque rpm="800" motorTorque="750"/>
					<torque rpm="1330" motorTorque="873"/>
					<torque rpm="1850" motorTorque="882"/>
					<torque rpm="2100" motorTorque="770"/>
					<torque rpm="2220" motorTorque="615"/>
					<torque rpm="2260" motorTorque="214"/>
					<torque rpm="2300" motorTorque="0"/>
				</engine>
			
				<engine name="7230 TTV" idleRpm="800" ratedRpm="2100">		
					<!-- 1900: 224(205) | 2100: 215(186) | 1100..1650: 883(806) | 95 | 0.5 | 100 | 3 | 2100 | 1320: 200 -->
					<torque rpm="350" motorTorque="588" motorTorqueEco="537" fuelUsageRatio="230.9"/>
					<torque rpm="700" motorTorque="807" motorTorqueEco="737" fuelUsageRatio="212.6"/>
					<torque rpm="900" motorTorque="863" motorTorqueEco="788" fuelUsageRatio="205.8"/>
					<torque rpm="1000" motorTorque="878" motorTorqueEco="802" fuelUsageRatio="203.4"/>
					<torque rpm="1100" motorTorque="883" motorTorqueEco="806" fuelUsageRatio="201.6"/>
					<torque rpm="1200" motorTorque="883" motorTorqueEco="806" fuelUsageRatio="200.5"/>
					<torque rpm="1300" motorTorque="883" motorTorqueEco="806" fuelUsageRatio="200"/>
					<torque rpm="1400" motorTorque="883" motorTorqueEco="806" fuelUsageRatio="200.2"/>
					<torque rpm="1500" motorTorque="883" motorTorqueEco="806" fuelUsageRatio="201.2"/>
					<torque rpm="1600" motorTorque="883" motorTorqueEco="806" fuelUsageRatio="202.9"/>
					<torque rpm="1700" motorTorque="876" motorTorqueEco="800" fuelUsageRatio="205.3"/>
					<torque rpm="1800" motorTorque="857" motorTorqueEco="783" fuelUsageRatio="208.4"/>
					<torque rpm="1850" motorTorque="843" motorTorqueEco="771" fuelUsageRatio="210.3"/>
					<torque rpm="1900" motorTorque="828" motorTorqueEco="758" fuelUsageRatio="212.3"/>
					<torque rpm="1950" motorTorque="805" motorTorqueEco="734" fuelUsageRatio="214.5"/>
					<torque rpm="2000" motorTorque="779" motorTorqueEco="703" fuelUsageRatio="216.9"/>
					<torque rpm="2050" motorTorque="750" motorTorqueEco="666" fuelUsageRatio="219.5"/>
					<torque rpm="2100" motorTorque="719" motorTorqueEco="622" fuelUsageRatio="222.2"/>
					<torque rpm="2150" motorTorque="629" motorTorqueEco="544" fuelUsageRatio="261.5"/>
					<torque rpm="2200" motorTorque="0" motorTorqueEco="0" fuelUsageRatio="444.4"/>
				</engine>
			
				<engine name="7250 TTV" idleRpm="800" ratedRpm="2100">		
					<!-- 1900: 263(238) | 2100: 258(236) | 1100..1650: 1000(932) | 95 | 0.5 | 100 | 3 | 2100 | 1320: 200 -->
					<torque rpm="350" motorTorque="666" motorTorqueEco="621" fuelUsageRatio="230.9"/>
					<torque rpm="700" motorTorque="914" motorTorqueEco="852" fuelUsageRatio="212.6"/>
					<torque rpm="900" motorTorque="978" motorTorqueEco="911" fuelUsageRatio="205.8"/>
					<torque rpm="1000" motorTorque="994" motorTorqueEco="927" fuelUsageRatio="203.4"/>
					<torque rpm="1100" motorTorque="1000" motorTorqueEco="932" fuelUsageRatio="201.6"/>
					<torque rpm="1200" motorTorque="1000" motorTorqueEco="932" fuelUsageRatio="200.5"/>
					<torque rpm="1300" motorTorque="1000" motorTorqueEco="932" fuelUsageRatio="200"/>
					<torque rpm="1400" motorTorque="1000" motorTorqueEco="932" fuelUsageRatio="200.2"/>
					<torque rpm="1500" motorTorque="1000" motorTorqueEco="932" fuelUsageRatio="201.2"/>
					<torque rpm="1600" motorTorque="1000" motorTorqueEco="932" fuelUsageRatio="202.9"/>
					<torque rpm="1700" motorTorque="997" motorTorqueEco="926" fuelUsageRatio="205.3"/>
					<torque rpm="1800" motorTorque="987" motorTorqueEco="907" fuelUsageRatio="208.4"/>
					<torque rpm="1850" motorTorque="980" motorTorqueEco="894" fuelUsageRatio="210.3"/>
					<torque rpm="1900" motorTorque="972" motorTorqueEco="880" fuelUsageRatio="212.3"/>
					<torque rpm="1950" motorTorque="946" motorTorqueEco="857" fuelUsageRatio="214.5"/>
					<torque rpm="2000" motorTorque="919" motorTorqueEco="834" fuelUsageRatio="216.9"/>
					<torque rpm="2050" motorTorque="891" motorTorqueEco="811" fuelUsageRatio="219.5"/>
					<torque rpm="2100" motorTorque="863" motorTorqueEco="789" fuelUsageRatio="222.2"/>
					<torque rpm="2150" motorTorque="755" motorTorqueEco="691" fuelUsageRatio="261.5"/>
					<torque rpm="2200" motorTorque="0" motorTorqueEco="0" fuelUsageRatio="444.4"/>
				</engine>
			</engines>
		
		</gearboxMogli>	
	</vehicle>
	
<!-- ********** SameDeutzFahr TTV ******************** -->	
<!-- ********** SameDeutzFahr TTV ******************** -->	
<!-- ********** SameDeutzFahr TTV ******************** -->	
	<vehicle>huerlimannXM4Ti
		<configFile xmlName="data/vehicles/steerable/huerlimann/huerlimannXM4Ti.xml"/>

		<!-- http://www.deutz-fahr.com/de-DE/produkte/traktoren/973-series-5 -->
		<gearboxMogli maxForwardSpeed="42" maxBackwardSpeed="24">
			<hydrostatic profile="Fendt" maxRatio="1.4"/>		
			<gears defaultGear="1"  shiftTimeMs="2000">	
				<gear name="heavy duty" speed="17"/>
				<gear name="transport"  speed="35"/>
			</gears>
			
			<engines>	
				<engine name="XM 110 T4i" idleRpm="900" ratedRpm="2200">	
					<torque rpm="800" motorTorque="320"/>
					<torque rpm="900" motorTorque="360"/>
					<torque rpm="1000" motorTorque="385"/>
					<torque rpm="1100" motorTorque="405"/>
					<torque rpm="1200" motorTorque="420"/>
					<torque rpm="1300" motorTorque="430"/>
					<torque rpm="1400" motorTorque="435"/>
					<torque rpm="1500" motorTorque="438"/>
					<torque rpm="1600" motorTorque="440"/>
					<torque rpm="1700" motorTorque="437"/>
					<torque rpm="1800" motorTorque="430"/>
					<torque rpm="1900" motorTorque="420"/>
					<torque rpm="2000" motorTorque="404"/>
					<torque rpm="2100" motorTorque="372"/>
					<torque rpm="2200" motorTorque="335"/>
					<torque rpm="2250" motorTorque="300"/>
					<torque rpm="2300" motorTorque="0"/>
				</engine>
				
				<engine name="XM 130 T4i" idleRpm="900" ratedRpm="2200">	
					<torque rpm="800" motorTorque="359"/>
					<torque rpm="900" motorTorque="404"/>
					<torque rpm="1000" motorTorque="433"/>
					<torque rpm="1100" motorTorque="455"/>
					<torque rpm="1200" motorTorque="472"/>
					<torque rpm="1300" motorTorque="483"/>
					<torque rpm="1400" motorTorque="489"/>
					<torque rpm="1500" motorTorque="492"/>
					<torque rpm="1600" motorTorque="494"/>
					<torque rpm="1700" motorTorque="491"/>
					<torque rpm="1800" motorTorque="483"/>
					<torque rpm="1900" motorTorque="472"/>
					<torque rpm="2000" motorTorque="454"/>
					<torque rpm="2100" motorTorque="418"/>
					<torque rpm="2200" motorTorque="376"/>
					<torque rpm="2250" motorTorque="337"/>
					<torque rpm="2300" motorTorque="0"/>
				</engine>
			</engines>
		</gearboxMogli>
	</vehicle>
		
<!-- ********** Fendt Vario ******************** -->	
<!-- ********** Fendt Vario ******************** -->	
<!-- ********** Fendt Vario ******************** -->	

	<vehicle>fendt300
		<configFile xmlName="data/vehicles/steerable/fendt/fendt300.xml"/>

		<gearboxMogli maxBackwardSpeed="26">
      <hydrostatic profile="Fendt" correctGearSpeed="true"/>
      <gears automatic="true">
				<gear name="" speed="40" atRpm="1700"/>
      </gears>
			<reverse ratio="0.625"/>
			
			<engines>
				<engine name="310 Vario" idleRpm="850" ratedRpm="2100">
					<!-- 1750: 113(113) | 2100: 100(100) | 1550..1550: 485(485) | 85 | 0.5 | 149 | 2 | 2200 | 1320: 200 -->
					<torque rpm="350" motorTorque="289" fuelUsageRatio="230.9"/>
					<torque rpm="700" motorTorque="393" fuelUsageRatio="212.6"/>
					<torque rpm="900" motorTorque="430" fuelUsageRatio="205.8"/>
					<torque rpm="1000" motorTorque="446" fuelUsageRatio="203.4"/>
					<torque rpm="1100" motorTorque="459" fuelUsageRatio="201.6"/>
					<torque rpm="1200" motorTorque="469" fuelUsageRatio="200.5"/>
					<torque rpm="1300" motorTorque="477" fuelUsageRatio="200"/>
					<torque rpm="1400" motorTorque="482" fuelUsageRatio="200.2"/>
					<torque rpm="1500" motorTorque="485" fuelUsageRatio="201.2"/>
					<torque rpm="1600" motorTorque="480" fuelUsageRatio="202.9"/>
					<torque rpm="1700" motorTorque="464" fuelUsageRatio="205.3"/>
					<torque rpm="1800" motorTorque="440" fuelUsageRatio="208.4"/>
					<torque rpm="1850" motorTorque="425" fuelUsageRatio="210.3"/>
					<torque rpm="1900" motorTorque="409" fuelUsageRatio="212.3"/>
					<torque rpm="1950" motorTorque="392" fuelUsageRatio="214.5"/>
					<torque rpm="2000" motorTorque="373" fuelUsageRatio="216.9"/>
					<torque rpm="2050" motorTorque="354" fuelUsageRatio="219.5"/>
					<torque rpm="2100" motorTorque="334" fuelUsageRatio="222.2"/>
					<torque rpm="2150" motorTorque="297" fuelUsageRatio="236.7"/>
					<torque rpm="2200" motorTorque="184" fuelUsageRatio="304.2"/>
					<torque rpm="2250" motorTorque="0" fuelUsageRatio="444.4"/>
				</engine>

				<engine name="313 Vario" idleRpm="850" ratedRpm="2100">
					<!-- 1750: 142(142) | 2100: 133(133) | 1550..1550: 596(596) | 85 | 0.5 | 149 | 2 | 2200 | 1320: 199 -->
					<torque rpm="350" motorTorque="355" fuelUsageRatio="229.8"/>
					<torque rpm="700" motorTorque="483" fuelUsageRatio="211.6"/>
					<torque rpm="900" motorTorque="529" fuelUsageRatio="204.8"/>
					<torque rpm="1000" motorTorque="548" fuelUsageRatio="202.3"/>
					<torque rpm="1100" motorTorque="564" fuelUsageRatio="200.6"/>
					<torque rpm="1200" motorTorque="577" fuelUsageRatio="199.5"/>
					<torque rpm="1300" motorTorque="586" fuelUsageRatio="199"/>
					<torque rpm="1400" motorTorque="592" fuelUsageRatio="199.2"/>
					<torque rpm="1500" motorTorque="596" fuelUsageRatio="200.2"/>
					<torque rpm="1600" motorTorque="592" fuelUsageRatio="201.8"/>
					<torque rpm="1700" motorTorque="579" fuelUsageRatio="204.2"/>
					<torque rpm="1800" motorTorque="553" fuelUsageRatio="207.4"/>
					<torque rpm="1850" motorTorque="536" fuelUsageRatio="209.2"/>
					<torque rpm="1900" motorTorque="519" fuelUsageRatio="211.2"/>
					<torque rpm="1950" motorTorque="501" fuelUsageRatio="213.4"/>
					<torque rpm="2000" motorTorque="482" fuelUsageRatio="215.8"/>
					<torque rpm="2050" motorTorque="464" fuelUsageRatio="218.4"/>
					<torque rpm="2100" motorTorque="445" fuelUsageRatio="221.1"/>
					<torque rpm="2150" motorTorque="395" fuelUsageRatio="235.5"/>
					<torque rpm="2200" motorTorque="244" fuelUsageRatio="302.7"/>
					<torque rpm="2250" motorTorque="0" fuelUsageRatio="442.2"/>
				</engine>
			</engines>
		</gearboxMogli>	
	</vehicle>
	
	<vehicle>fendt900
		<configFile xmlName="data/vehicles/steerable/fendt/fendt900.xml"/>
	
		<gearboxMogli ptoRpm="1970" ptoRpmEco="1577" maxForwardSpeed="62" maxBackwardSpeed="33">
			<hydrostatic profile="Fendt" correctGearSpeed="true"/>		
			<gears defaultGear="2" maxAIGear="1" clutchRatio="1">	
				<gear name="heavy duty" speed="35" />
				<gear name="transport"  speed="60" atRpm="1750"/>
			</gears>

			<engines>
				<engine idleRpm="800" ratedRpm="2100">		
					<!-- 1900: 305(305) | 2100: 300(300) | 1450..1450: 1248(1248) | 85 | 0.5 | 149 | 2 | 2200 | 1320: 192 -->
					<torque rpm="350" motorTorque="719" fuelUsageRatio="221.7"/>
					<torque rpm="700" motorTorque="1004" fuelUsageRatio="204.1"/>
					<torque rpm="900" motorTorque="1114" fuelUsageRatio="197.6"/>
					<torque rpm="1000" motorTorque="1158" fuelUsageRatio="195.2"/>
					<torque rpm="1100" motorTorque="1194" fuelUsageRatio="193.5"/>
					<torque rpm="1200" motorTorque="1220" fuelUsageRatio="192.5"/>
					<torque rpm="1300" motorTorque="1238" fuelUsageRatio="192"/>
					<torque rpm="1400" motorTorque="1247" fuelUsageRatio="192.2"/>
					<torque rpm="1500" motorTorque="1241" fuelUsageRatio="193.1"/>
					<torque rpm="1600" motorTorque="1221" fuelUsageRatio="194.7"/>
					<torque rpm="1700" motorTorque="1196" fuelUsageRatio="197.1"/>
					<torque rpm="1800" motorTorque="1165" fuelUsageRatio="200.1"/>
					<torque rpm="1850" motorTorque="1147" fuelUsageRatio="201.8"/>
					<torque rpm="1900" motorTorque="1127" fuelUsageRatio="203.8"/>
					<torque rpm="1950" motorTorque="1097" fuelUsageRatio="205.9"/>
					<torque rpm="2000" motorTorque="1066" fuelUsageRatio="208.2"/>
					<torque rpm="2050" motorTorque="1035" fuelUsageRatio="210.7"/>
					<torque rpm="2100" motorTorque="1003" fuelUsageRatio="213.3"/>
					<torque rpm="2150" motorTorque="890" fuelUsageRatio="227.2"/>
					<torque rpm="2200" motorTorque="551" fuelUsageRatio="292.1"/>
					<torque rpm="2250" motorTorque="0" fuelUsageRatio="426.7"/>
				</engine>		

				<engine name="936 Vario" idleRpm="800" ratedRpm="2100">		
					<!-- 1900: 366(366) | 2100: 360(360) | 1450..1450: 1488(1488) | 85 | 0.5 | 149 | 2 | 2200 | 1320: 192 -->
					<torque rpm="350" motorTorque="858" fuelUsageRatio="221.7"/>
					<torque rpm="700" motorTorque="1198" fuelUsageRatio="204.1"/>
					<torque rpm="900" motorTorque="1328" fuelUsageRatio="197.6"/>
					<torque rpm="1000" motorTorque="1381" fuelUsageRatio="195.2"/>
					<torque rpm="1100" motorTorque="1423" fuelUsageRatio="193.5"/>
					<torque rpm="1200" motorTorque="1455" fuelUsageRatio="192.5"/>
					<torque rpm="1300" motorTorque="1476" fuelUsageRatio="192"/>
					<torque rpm="1400" motorTorque="1487" fuelUsageRatio="192.2"/>
					<torque rpm="1500" motorTorque="1480" fuelUsageRatio="193.1"/>
					<torque rpm="1600" motorTorque="1458" fuelUsageRatio="194.7"/>
					<torque rpm="1700" motorTorque="1430" fuelUsageRatio="197.1"/>
					<torque rpm="1800" motorTorque="1394" fuelUsageRatio="200.1"/>
					<torque rpm="1850" motorTorque="1374" fuelUsageRatio="201.8"/>
					<torque rpm="1900" motorTorque="1353" fuelUsageRatio="203.8"/>
					<torque rpm="1950" motorTorque="1317" fuelUsageRatio="205.9"/>
					<torque rpm="2000" motorTorque="1280" fuelUsageRatio="208.2"/>
					<torque rpm="2050" motorTorque="1242" fuelUsageRatio="210.7"/>
					<torque rpm="2100" motorTorque="1204" fuelUsageRatio="213.3"/>
					<torque rpm="2150" motorTorque="1068" fuelUsageRatio="227.2"/>
					<torque rpm="2200" motorTorque="662" fuelUsageRatio="292.1"/>
					<torque rpm="2250" motorTorque="0" fuelUsageRatio="426.7"/>
				</engine>		
				
				<engine name="939 Vario" idleRpm="800" ratedRpm="2100">		
					<!-- 1900: 396(396) | 2100: 390(390) | 1450..1450: 1538(1538) | 85 | 0.5 | 149 | 2 | 2200 | 1320: 192 -->
					<torque rpm="350" motorTorque="887" fuelUsageRatio="221.7"/>
					<torque rpm="700" motorTorque="1238" fuelUsageRatio="204.1"/>
					<torque rpm="900" motorTorque="1373" fuelUsageRatio="197.6"/>
					<torque rpm="1000" motorTorque="1427" fuelUsageRatio="195.2"/>
					<torque rpm="1100" motorTorque="1471" fuelUsageRatio="193.5"/>
					<torque rpm="1200" motorTorque="1504" fuelUsageRatio="192.5"/>
					<torque rpm="1300" motorTorque="1526" fuelUsageRatio="192"/>
					<torque rpm="1400" motorTorque="1537" fuelUsageRatio="192.2"/>
					<torque rpm="1500" motorTorque="1533" fuelUsageRatio="193.1"/>
					<torque rpm="1600" motorTorque="1521" fuelUsageRatio="194.7"/>
					<torque rpm="1700" motorTorque="1506" fuelUsageRatio="197.1"/>
					<torque rpm="1800" motorTorque="1487" fuelUsageRatio="200.1"/>
					<torque rpm="1850" motorTorque="1475" fuelUsageRatio="201.8"/>
					<torque rpm="1900" motorTorque="1464" fuelUsageRatio="203.8"/>
					<torque rpm="1950" motorTorque="1425" fuelUsageRatio="205.9"/>
					<torque rpm="2000" motorTorque="1385" fuelUsageRatio="208.2"/>
					<torque rpm="2050" motorTorque="1345" fuelUsageRatio="210.7"/>
					<torque rpm="2100" motorTorque="1304" fuelUsageRatio="213.3"/>
					<torque rpm="2150" motorTorque="1157" fuelUsageRatio="227.2"/>
					<torque rpm="2200" motorTorque="717" fuelUsageRatio="292.1"/>
					<torque rpm="2250" motorTorque="0" fuelUsageRatio="426.7"/>
				</engine>		
			
			</engines>
		</gearboxMogli>	
	</vehicle>



<!-- ********** Default configuration ******************** -->	
<!-- ********** Default configuration ******************** -->	
<!-- ********** Default configuration ******************** -->	
	<vehicle>
		<configFile xmlName="default"/>

		<gearboxMogli disableManual="true" speedLimiter="true" autoStartStop="true" enableAI="true">
			<blowOffVentilSound volume="0"/>
			<hydrostatic profile="Fendt" maxRatio="1.4" correctGearSpeed="true"/>		
			<gears defaultGear="2" maxAIGear="1" clutchRatio="1">	
				<gear name="Lo" maxForwardSpeedRatio="0.42" />
				<gear name="Hi" maxForwardSpeedRatio="1.02" />
			</gears>
		</gearboxMogli>	
	</vehicle>


<!-- ********** Combines ******************** -->	
<!-- ********** Combines ******************** -->	
<!-- ********** Combines ******************** -->	
	<vehicle>sampoRosenlewC6
		<configFile xmlName="data/vehicles/steerable/sampoRosenlew/sampoRosenlewC6.xml" />
		
		<gearboxMogli disableManual="true" speedLimiter="false" enableAI="true" maxAIGear="3" onlyHandThrottle="true">
			<combine defaultWidth="4.2"/>
			<blowOffVentilSound volume="0"/>
			
			<hydrostatic profile="Combine"/>
			<gears defaultGear="2" reverseReset="true" shiftTimeMs="1000">
				<gear name="I"   speed="5"  forwardOnly="true"/>
				<gear name="II"  speed="9"  forwardOnly="true"/>
				<gear name="R"   speed="12" reverseOnly="true"/>
				<gear name="III" speed="20" forwardOnly="true"/>
			</gears>
		</gearboxMogli>
	</vehicle> 
	
	<vehicle>newHollandTC590
		<configFile xmlName="data/vehicles/steerable/newHolland/newHollandTC590.xml" />
		
		<gearboxMogli disableManual="true" speedLimiter="false" enableAI="true" maxAIGear="3" onlyHandThrottle="true">
			<combine defaultWidth="5.5"/>
			<blowOffVentilSound volume="0"/>
			
			<hydrostatic profile="Combine"/>
			<gears defaultGear="2" reverseReset="true" shiftTimeMs="1000">
				<gear name="I"   speed="5"  forwardOnly="true"/>
				<gear name="II"  speed="9"  forwardOnly="true"/>
				<gear name="R"   speed="12" reverseOnly="true"/>
				<gear name="III" speed="16" forwardOnly="true"/>
			</gears>
			<reverse ratio="1"/>
		</gearboxMogli>
	</vehicle> 
	
	<vehicle>caseIH7130
		<configFile xmlName="data/vehicles/steerable/caseIH/caseIH7130.xml" />
		<mod name="caseIH7130">
			<xmlFile name="caseIH7130.xml"/>
		</mod>
		
		<gearboxMogli disableManual="true" speedLimiter="false" enableAI="true" maxAIGear="2">
			<combine defaultWidth="10.5"/>
			<blowOffVentilSound volume="0"/>
			
			<hydrostatic profile="Combine"/>
			<gears defaultGear="2"  shiftTimeMs="1000">
				<gear name="I"   speed="5" />
				<gear name="II"  speed="9"/>
				<gear name="III" speed="16"/>
			</gears>
		</gearboxMogli>
	</vehicle> 
	
	<vehicle>newHollandCR1090
		<configFile xmlName="data/vehicles/steerable/newHolland/newHollandCR1090.xml" />
		
		<gearboxMogli disableManual="true" maxForwardSpeed="42" maxBackwardSpeed="42" enableAI="true" maxAIGear="3">
			<combine defaultWidth="13.7"/>
			<blowOffVentilSound volume="0"/>
			
			<hydrostatic profile="Combine"/>
			<gears shiftTimeMs="1000" clutchRatio="1" defaultGear="2" reverseReset="true">	
				<gear name="1" speed="5"    forwardOnly="true"/>
				<gear name="2" speed="10"   forwardOnly="true"/>
				<gear name="R" speed="10"   reverseOnly="true"/>
				<gear name="3" speed="22"   forwardOnly="true"/>
				<gear name="4" speed="44.5" forwardOnly="true"/>
			</gears>
		</gearboxMogli>
	</vehicle> 
	
	<vehicle>kroneBigX1100
		<mod name="FS17_kroneBigXPack">
			<xmlFile name="kroneBigX1100.xml"/>	
		</mod>
		
		<gearboxMogli disableManual="true" speedLimiter="true" maxForwardSpeed="42" maxBackwardSpeed="42" enableAI="true" maxAIGear="1">
			<combine defaultFruit="chaff" defaultWidth="10.5"/>
			<blowOffVentilSound volume="0"/>
			
			<hydrostatic profile="Combine"/>
			<gears shiftTimeMs="1000" clutchRatio="1" defaultGear="2">	
				<gear name="work"   speed="17.5" />
				<gear name="street" speed="35"/>
			</gears>
			
			<realEngine idleRpm="800" ratedRpm="2000">
        <torque rpm="0" motorTorque="0" motorTorqueEco="0" fuelUsageRatio="326"/><!-- 1800: 1078(640.332) | 2000: 1048(576.4) | 1700..1700: 4280(2636.48) | 97 | 0.5 -->
        <torque rpm="100" motorTorque="1336" motorTorqueEco="823" fuelUsageRatio="308"/>
        <torque rpm="400" motorTorque="3563" motorTorqueEco="2195" fuelUsageRatio="266"/>
        <torque rpm="700" motorTorque="4117" motorTorqueEco="2536" fuelUsageRatio="238"/>
        <torque rpm="800" motorTorque="4152" motorTorqueEco="2557" fuelUsageRatio="233"/>
        <torque rpm="900" motorTorque="4179" motorTorqueEco="2574" fuelUsageRatio="228"/>
        <torque rpm="1000" motorTorque="4202" motorTorqueEco="2589" fuelUsageRatio="226"/>
        <torque rpm="1100" motorTorque="4223" motorTorqueEco="2601" fuelUsageRatio="225"/>
        <torque rpm="1200" motorTorque="4240" motorTorqueEco="2612" fuelUsageRatio="225"/>
        <torque rpm="1300" motorTorque="4255" motorTorqueEco="2621" fuelUsageRatio="226"/>
        <torque rpm="1400" motorTorque="4266" motorTorqueEco="2628" fuelUsageRatio="228"/>
        <torque rpm="1500" motorTorque="4274" motorTorqueEco="2633" fuelUsageRatio="230"/>
        <torque rpm="1600" motorTorque="4278" motorTorqueEco="2636" fuelUsageRatio="233"/>
        <torque rpm="1700" motorTorque="4280" motorTorqueEco="2636" fuelUsageRatio="236"/>
        <torque rpm="1800" motorTorque="4205" motorTorqueEco="2490" fuelUsageRatio="240"/>
        <torque rpm="1900" motorTorque="3956" motorTorqueEco="2300" fuelUsageRatio="245"/>
        <torque rpm="2000" motorTorque="3680" motorTorqueEco="2060" fuelUsageRatio="250"/>
        <torque rpm="2100" motorTorque="3271" motorTorqueEco="1799" fuelUsageRatio="278"/>
        <torque rpm="2200" motorTorque="2044" motorTorqueEco="1124" fuelUsageRatio="361"/>
        <torque rpm="2300" motorTorque="0" motorTorqueEco="0" fuelUsageRatio="500"/>
			</realEngine>
		</gearboxMogli>
	</vehicle> 

	<vehicle>newHollandFR850
		<configFile xmlName="data/vehicles/steerable/newHolland/newHollandFR850.xml" />
		
		<!-- http://www.agriculture.newholland.com/Germany/de/Products/Forage/Documents/FR_123001_DOO.pdf -->
		<gearboxMogli disableManual="true" maxForwardSpeed="42" maxBackwardSpeed="42" enableAI="true" maxAIGear="3">
			<combine defaultFruit="chaff" defaultWidth="9.0"/>
			<blowOffVentilSound volume="0"/>
			
			<hydrostatic profile="Combine"/>
			<gears shiftTimeMs="1000" clutchRatio="1" defaultGear="2" reverseReset="true">	
				<gear name="1" speed="5"    forwardOnly="true"/>
				<gear name="2" speed="10"   forwardOnly="true"/>
				<gear name="R" speed="10"   reverseOnly="true"/>
				<gear name="3" speed="22"   forwardOnly="true"/>
				<gear name="4" speed="44.5" forwardOnly="true"/>
			</gears>
		
			<realEngine idleRpm="850" ratedRpm="2100">
        <!-- 1800: 824(824) | 2000: 800(800) | 1200..1500: 3533(3533) | 90 | 0.5 | 249 | 2 | 2100 | 1280: 204 -->
        <torque rpm="350"  motorTorque="2070" fuelUsageRatio="238"/>
        <torque rpm="700"  motorTorque="3000" fuelUsageRatio="217.2"/>
        <torque rpm="900"  motorTorque="3334" fuelUsageRatio="209.7"/>
        <torque rpm="1000" motorTorque="3445" fuelUsageRatio="207.1"/>
        <torque rpm="1100" motorTorque="3511" fuelUsageRatio="205.3"/>
        <torque rpm="1200" motorTorque="3533" fuelUsageRatio="204.3"/>
        <torque rpm="1300" motorTorque="3533" fuelUsageRatio="204"/>
        <torque rpm="1400" motorTorque="3533" fuelUsageRatio="204.6"/>
        <torque rpm="1500" motorTorque="3533" fuelUsageRatio="206.1"/>
        <torque rpm="1600" motorTorque="3462" fuelUsageRatio="208.5"/>
        <torque rpm="1700" motorTorque="3356" fuelUsageRatio="211.7"/>
        <torque rpm="1800" motorTorque="3215" fuelUsageRatio="215.8"/>
        <torque rpm="1850" motorTorque="3122" fuelUsageRatio="218.2"/>
        <torque rpm="1900" motorTorque="3023" fuelUsageRatio="220.8"/>
        <torque rpm="1950" motorTorque="2919" fuelUsageRatio="223.6"/>
        <torque rpm="2000" motorTorque="2809" fuelUsageRatio="226.7"/>
        <torque rpm="2050" motorTorque="2696" fuelUsageRatio="230.8"/>
        <torque rpm="2100" motorTorque="2569" fuelUsageRatio="249.8"/><!-- manualData: 2569-->
        <torque rpm="2150" motorTorque="2200" fuelUsageRatio="290.5"/><!-- manualData: 2200-->
        <torque rpm="2200" motorTorque="1500" fuelUsageRatio="357.7"/><!-- manualData: 1500-->
        <torque rpm="2250" motorTorque="0"    fuelUsageRatio="453.3"/>
			</realEngine>
		</gearboxMogli>
	</vehicle> 
		
	<vehicle>kroneBiGX580
		<configFile xmlName="data/vehicles/steerable/krone/kroneBiGX580.xml" />
		
		<gearboxMogli disableManual="true" speedLimiter="true" maxForwardSpeed="42" maxBackwardSpeed="42" enableAI="true" maxAIGear="1">
			<combine defaultFruit="chaff" defaultWidth="7.5"/>
			<blowOffVentilSound volume="0"/>
			
			<hydrostatic profile="Combine"/>
			<gears shiftTimeMs="1000" clutchRatio="1" defaultGear="2">	
				<gear name="work"   speed="17.5" />
				<gear name="street" speed="35"/>
			</gears>
		</gearboxMogli>
	</vehicle> 
	
</vehicles>